-- MySQL dump 10.13  Distrib 5.5.57, for debian-linux-gnu (x86_64)
--
-- Host: 0.0.0.0    Database: style
-- ------------------------------------------------------
-- Server version	5.5.57-0ubuntu0.14.04.1

/*!40101 SET @OLD_CHARACTER_SET_CLIENT=@@CHARACTER_SET_CLIENT */;
/*!40101 SET @OLD_CHARACTER_SET_RESULTS=@@CHARACTER_SET_RESULTS */;
/*!40101 SET @OLD_COLLATION_CONNECTION=@@COLLATION_CONNECTION */;
/*!40101 SET NAMES utf8 */;
/*!40103 SET @OLD_TIME_ZONE=@@TIME_ZONE */;
/*!40103 SET TIME_ZONE='+00:00' */;
/*!40014 SET @OLD_UNIQUE_CHECKS=@@UNIQUE_CHECKS, UNIQUE_CHECKS=0 */;
/*!40014 SET @OLD_FOREIGN_KEY_CHECKS=@@FOREIGN_KEY_CHECKS, FOREIGN_KEY_CHECKS=0 */;
/*!40101 SET @OLD_SQL_MODE=@@SQL_MODE, SQL_MODE='NO_AUTO_VALUE_ON_ZERO' */;
/*!40111 SET @OLD_SQL_NOTES=@@SQL_NOTES, SQL_NOTES=0 */;

--
-- Table structure for table `catalogs`
--

DROP TABLE IF EXISTS `catalogs`;
/*!40101 SET @saved_cs_client     = @@character_set_client */;
/*!40101 SET character_set_client = utf8 */;
CREATE TABLE `catalogs` (
  `id` int(10) unsigned NOT NULL AUTO_INCREMENT,
  `title` text COLLATE utf8mb4_unicode_ci,
  `body` text COLLATE utf8mb4_unicode_ci,
  `price` text COLLATE utf8mb4_unicode_ci,
  `type` text COLLATE utf8mb4_unicode_ci,
  `brand` text COLLATE utf8mb4_unicode_ci,
  `mainimage` text COLLATE utf8mb4_unicode_ci,
  `images` text COLLATE utf8mb4_unicode_ci,
  `created_at` timestamp NULL DEFAULT NULL,
  `updated_at` timestamp NULL DEFAULT NULL,
  `seo_title` text COLLATE utf8mb4_unicode_ci,
  `seo_desc` text COLLATE utf8mb4_unicode_ci,
  `seo_keywords` text COLLATE utf8mb4_unicode_ci,
  PRIMARY KEY (`id`)
) ENGINE=InnoDB AUTO_INCREMENT=211 DEFAULT CHARSET=utf8mb4 COLLATE=utf8mb4_unicode_ci;
/*!40101 SET character_set_client = @saved_cs_client */;

--
-- Dumping data for table `catalogs`
--

LOCK TABLES `catalogs` WRITE;
/*!40000 ALTER TABLE `catalogs` DISABLE KEYS */;
INSERT INTO `catalogs` VALUES (5,'Медицинская оправа LACOSTE L3908 424',NULL,'8850','state4','LACOSTE','catalogs/October2018/vLLyM0WWsCiPgdmRs1rX.jpg','[\"catalogs\\/October2018\\/e420Ae0oJKm5Ah7Ia53f.jpg\",\"catalogs\\/October2018\\/GRCan2cpcp2vkkfougi3.jpg\"]','2018-10-13 10:42:04','2018-10-13 10:42:04',NULL,NULL,NULL),(6,'Медицинская оправа LACOSTE L3908 035',NULL,'8850','state4','LACOSTE','catalogs/October2018/YYMoinS7Hr1BcQEghIVq.jpg','[\"catalogs\\/October2018\\/tRsBVODYyiKHtkAwdzYc.jpg\",\"catalogs\\/October2018\\/aTbTAHYteJnggdEYAupu.jpg\"]','2018-10-13 10:43:49','2018-10-13 10:43:49',NULL,NULL,NULL),(7,'Медицинская оправа LACOSTE L2796 466',NULL,'8850','state4','LACOSTE','catalogs/October2018/4fqWgGxYjf6ifpmC0eXB.jpg','[\"catalogs\\/October2018\\/EB1u4PGVLR2VjZvpeGcF.jpg\",\"catalogs\\/October2018\\/7UUb3ll0fL4JFHwhL30P.jpg\"]','2018-10-13 10:45:21','2018-10-13 10:45:21',NULL,NULL,NULL),(8,'Медицинская оправа LACOSTE L2767 001',NULL,'8850','state4','LACOSTE','catalogs/October2018/K3e6E7OwSFksR4tuWdRZ.jpg','[\"catalogs\\/October2018\\/fwCuwNjd4wy0V6Vmi5D0.jpg\",\"catalogs\\/October2018\\/3637mprP3zcEBhk554dC.jpg\",\"catalogs\\/October2018\\/CO2EhRiJeIxxKNK8wjIi.jpg\"]','2018-10-13 10:46:37','2018-10-13 10:46:37',NULL,NULL,NULL),(9,'Медицинская оправа LACOSTE L2237 315',NULL,'8850','state4','LACOSTE','catalogs/October2018/BayUyHzHPi7VxivnC6Rr.jpg','[\"catalogs\\/October2018\\/iYbv5rdwFUj779Xy32Nb.jpg\",\"catalogs\\/October2018\\/MD1MzvJyzPrpwaiEsoF9.jpg\",\"catalogs\\/October2018\\/tPf13k9j8NQphT3tGtjG.jpg\"]','2018-10-13 10:47:21','2018-10-13 10:47:50',NULL,NULL,NULL),(10,'Солнцезащитные очки LACOSTE L788S 440',NULL,'8553','state1','LACOSTE','catalogs/October2018/Fu8NrxImVUjNv7FWjuFK.jpg','[\"catalogs\\/October2018\\/gyQlSBwVDT9lo58jMUC4.jpg\",\"catalogs\\/October2018\\/yQPMLF3nFej0sa56uLZ9.jpg\"]','2018-10-13 10:49:56','2018-10-13 10:49:56',NULL,NULL,NULL),(11,'Солнцезащитные очки LACOSTE L663S 001',NULL,'8553','state1','LACOSTE','catalogs/October2018/w18pF57pDZn2Foj2FkEm.jpg','[\"catalogs\\/October2018\\/3xxAr0eDJTauYpmh5MKf.jpg\",\"catalogs\\/October2018\\/tBhXjqkRE966LlsuAKM8.jpg\"]','2018-10-13 10:50:50','2018-10-13 10:50:50',NULL,NULL,NULL),(12,'Солнцезащитные очки LACOSTE L185S 315',NULL,'8553','state1','LACOSTE','catalogs/October2018/zPzCS31A6DdixEkBibjt.jpg','[\"catalogs\\/October2018\\/x6TFnetJliw2W5kDh9Ka.jpg\",\"catalogs\\/October2018\\/EaHjlcvvN9WD31VWFrgQ.jpeg\",\"catalogs\\/October2018\\/FvDlHlb66Vuw1qEypth8.jpg\"]','2018-10-13 10:52:11','2018-10-13 10:52:11',NULL,NULL,NULL),(13,'Солнцезащитные очки LACOSTE L739S 525',NULL,'8553','state1','LACOSTE','catalogs/October2018/k5XCWiE6AWEtjDVWTrBd.jpg','[\"catalogs\\/October2018\\/K4gygtqpAYw8v2Odghw7.jpg\",\"catalogs\\/October2018\\/k0tJ152OeMv1HvlbMShx.jpg\",\"catalogs\\/October2018\\/4ED8O4SNNQJAVKrten58.jpg\"]','2018-10-13 10:54:12','2018-10-13 10:54:12',NULL,NULL,NULL),(14,'Солнцезащитные очки LACOSTE L745S 424',NULL,'8553','state1','LACOSTE','catalogs/October2018/w3zPA3A4Epoc3W2zhgTS.jpg','[\"catalogs\\/October2018\\/tqDTMVUDIc0NV3TqRdOB.jpg\",\"catalogs\\/October2018\\/b8oXMwseS2N0PkeSlgn8.jpg\"]','2018-10-13 10:55:52','2018-10-13 10:55:52',NULL,NULL,NULL),(15,'Солнцезащитные очки LACOSTE L822S 424',NULL,'8553','state1','LACOSTE','catalogs/October2018/5w5rj5kV8ht8j3d6mlWe.jpg','[\"catalogs\\/October2018\\/BljYFv5HjGaRdlX7dEFZ.jpg\",\"catalogs\\/October2018\\/XH6imUelw6QWXZYXWsee.jpg\"]','2018-10-13 10:57:31','2018-10-13 10:57:45',NULL,NULL,NULL),(16,'Солнцезащитные очки LACOSTE L828S 315',NULL,'8553','state1','LACOSTE','catalogs/October2018/8tNikHSwxvpdBToMPDiJ.jpeg','[\"catalogs\\/October2018\\/sEhGFAWg0z7sKwlilsD2.jpeg\",\"catalogs\\/October2018\\/AVYsUPc4ymQRzJenedrx.jpg\"]','2018-10-13 10:59:08','2018-10-13 10:59:08',NULL,NULL,NULL),(17,'Солнцезащитные очки LACOSTE L867S 315',NULL,'8553','state1','LACOSTE','catalogs/October2018/IQBODRYgsUGjr2PAGYJc.jpg','[\"catalogs\\/October2018\\/4P1YBA9FJRaKiiiAaICz.jpg\",\"catalogs\\/October2018\\/Lu6FLMRjDNJCop9v3YEO.jpg\"]','2018-10-13 11:00:01','2018-10-13 11:00:01',NULL,NULL,NULL),(18,'Солнцезащитные очки LACOSTE L867S 002',NULL,'8553','state1','LACOSTE','catalogs/October2018/iHR2Nj4dqusABKkqjwur.jpg','[\"catalogs\\/October2018\\/yNpZ9tpGhLXcuYfGJDsK.jpg\",\"catalogs\\/October2018\\/5nzeAKkQDTQLMfnI6GMj.jpg\"]','2018-10-13 11:00:49','2018-10-13 11:01:09',NULL,NULL,NULL),(19,'Солнцезащитные очки Ray Ban 4340 601/58','Цвет рамки оправы: черный\r\nМатериал линз: crystal\r\nЦвет линз: серо-зеленый, есть поляризация\r\nСтрана:	Италия\r\nКатегория и фильтр линз:	3\r\n% пропускания света: 11','13470','state1','Ray Ban','catalogs/October2018/5OpCE0q9HwXao97ArJIb.jpg','[\"catalogs\\/October2018\\/x5Ro7egQUUd6TfKlSKUu.jpg\",\"catalogs\\/October2018\\/C78PCGxgfPg5yQXA49hN.jpg\"]','2018-10-13 11:04:23','2018-10-13 11:07:17',NULL,NULL,NULL),(20,'Солнцезащитные очки Ray Ban 4292N 601/11','Цвет рамки оправы: черный\r\nМатериал линз: полимер\r\nЦвет линз: градиент серый\r\nСтрана :Италия\r\nКатегория и фильтр линз: 3\r\n% пропускания света: 15,2','13470','state1','Ray Ban','catalogs/October2018/4JbjbHVm9Rlu06M2G0P2.jpg','[\"catalogs\\/October2018\\/8Pbf55F6EZWZz6RljMqN.jpg\",\"catalogs\\/October2018\\/JSZfej7IpNbqWc9ZBJqA.jpg\"]','2018-10-13 11:22:05','2018-10-13 11:22:24',NULL,NULL,NULL),(21,'Солнцезащитные очки Ray Ban 4246 901','Цвет рамки оправы: черный\r\nМатериал линз: crystal\r\nЦвет линз: серо-зеленый\r\nСтрана: Италия\r\nКатегория и фильтр линз: 3\r\n% пропускания света: 13,2','13470','state1','Ray Ban','catalogs/October2018/2UtForAtNuspLBk2Fx37.jpg','[\"catalogs\\/October2018\\/v6Xx7CuxrCfLFH5FPTGs.jpg\",\"catalogs\\/October2018\\/yoKfhBCMiGmfe39VeWWt.jpg\"]','2018-10-13 11:26:15','2018-10-13 11:26:15',NULL,NULL,NULL),(22,'Солнцезащитные очки Ray Ban 4147 609585','Цвет рамки оправы: черный\r\nМатериал линз: полимер\r\nЦвет линз: коричневый градиент\r\nСтрана: Италия\r\nКатегория и фильтр линз: 3\r\n% пропускания света: 16,4','13470','state1','Ray Ban','catalogs/October2018/I7mIPk5o6XSpkxOi0qW9.jpg','[\"catalogs\\/October2018\\/VeYYvGDFDdIFyzREGS1W.jpg\",\"catalogs\\/October2018\\/UFpa997HfrHsRqGzk67V.jpg\"]','2018-10-13 11:27:33','2018-10-13 11:27:33',NULL,NULL,NULL),(23,'Солнцезащитные очки Ray Ban 3647N 001/9U','Цвет рамки оправы: золотой\r\nМатериал линз: crystal\r\nЦвет линз: коричневый градиент с покрытием серебристого цвета\r\nСтрана: Италия\r\nКатегория и фильтр линз: 3\r\n% пропускания света: 13,5','13470','state1','Ray Ban','catalogs/October2018/G4ASa5pstF4iAuGXrshl.jpg','[\"catalogs\\/October2018\\/MsxBM5aR5x3ADw8BT5PM.jpg\",\"catalogs\\/October2018\\/BFsdsKpauRG1cO1Emzvl.jpg\"]','2018-10-13 11:30:37','2018-10-13 11:30:37',NULL,NULL,NULL),(24,'Солнцезащитные очки Ray Ban 3589 905513','Цвет рамки оправы: коричневый\r\nМатериал линз: полимер\r\nЦвет линз: коричневый градиент\r\nСтрана: Италия\r\nКатегория и фильтр линз: 3\r\n% пропускания света: 16','13470','state1','Ray Ban','catalogs/October2018/tExaxNbsRjETPjAjefRS.jpg','[\"catalogs\\/October2018\\/4Jthb39jS4mOMcnNZDfQ.jpg\",\"catalogs\\/October2018\\/5hv0n7uGcY6ewWgrGzel.jpg\"]','2018-10-13 11:33:12','2018-10-13 11:33:12',NULL,NULL,NULL),(25,'Солнцезащитные очки Ray Ban 3569 900873','Цвет рамки оправы: havana\r\nМатериал линз: полимер\r\nЦвет линз: темно-коричневый\r\nСтрана: Италия\r\nКатегория и фильтр линз: 3\r\n% пропускания света: 13,5','13470','state1','Ray Ban','catalogs/October2018/zoLiINeJr0ktpwJatQ1T.jpg','[\"catalogs\\/October2018\\/3PRj1QKxRqgHXnWimZ6v.jpg\",\"catalogs\\/October2018\\/snlFwI5y2QDAtH4fZR4s.jpg\"]','2018-10-13 11:36:25','2018-10-13 11:36:25',NULL,NULL,NULL),(26,'Солнцезащитные очки Ray Ban 3561 001','Цвет рамки оправы: золотой\r\nМатериал линз: crystal\r\nЦвет линз: серо-зеленый\r\nСтрана: Италия\r\nКатегория и фильтр линз: 3\r\n% пропускания света: 13,2','13470','state1','Ray Ban','catalogs/October2018/EbCgoflg9ZeKOornxcOW.jpg','[\"catalogs\\/October2018\\/9VpnosyIo191yAhMHsuQ.jpg\",\"catalogs\\/October2018\\/NA7bZfQgHBxP6MxJr6xi.jpg\"]','2018-10-13 11:53:34','2018-10-13 11:53:34',NULL,NULL,NULL),(27,'Солнцезащитные очки Ray Ban 3547N 004/51','Цвет рамки оправы: черный\r\nМатериал линз: crystal\r\nЦвет линз: коричневый градиент\r\nСтрана: Италия\r\nКатегория и фильтр линз: 2\r\n% пропускания света: 30,5','13470','state1','Ray Ban','catalogs/October2018/K1zxVV8SDYhEVDyKnnt7.jpg','[\"catalogs\\/October2018\\/3pQJdp1BGTWzvN8lQVsS.jpg\",\"catalogs\\/October2018\\/iUESxCnFLWhisyKdTwpO.jpg\"]','2018-10-13 12:11:43','2018-10-13 12:11:43',NULL,NULL,NULL),(28,'Солнцезащитные очки Ray Ban 3447 029','Цвет рамки оправы: gold\r\nМатериал линз: crystal\r\nЦвет линз: серо-зеленый\r\nСтрана: Италия\r\nКатегория и фильтр линз: 3\r\n% пропускания света: 13,2','13470','state1','Ray Ban','catalogs/October2018/lFvFtQwxZEsz5pdZyEId.jpg','[\"catalogs\\/October2018\\/hxVScmKsAoc4PP71ZjWr.jpg\",\"catalogs\\/October2018\\/Ca55gZacUdIZfIZnrcZA.jpg\"]','2018-10-13 12:12:57','2018-10-13 12:12:57',NULL,NULL,NULL),(29,'Солнцезащитные очки Ray Ban 3025 001/3K','Цвет рамки оправы: gold\r\nМатериал линз: crystal\r\nЦвет линз: коричневый с градиентным зеркальным покрытием\r\nСтрана: Италия\r\nКатегория и фильтр линз: 2\r\n% пропускания света: 21','13470','state1','Ray Ban','catalogs/October2018/bE1BN1H86kdTcrBNN2CG.jpg','[\"catalogs\\/October2018\\/gfrH2ylWpos9V3qScfMF.jpg\",\"catalogs\\/October2018\\/851hYCkrOC1fA7LOX81r.jpg\"]','2018-10-13 12:14:31','2018-10-13 12:14:31',NULL,NULL,NULL),(30,'Солнцезащитные очки Ray Ban 3560 001','Цвет рамки оправы: золотой\r\nМатериал линз: crystal\r\nЦвет линз: серо-зеленый, есть поляризация\r\nСтрана: Италия\r\nКатегория и фильтр линз: 3\r\n% пропускания света: 13,2','13470','state1','Ray Ban','catalogs/October2018/cJIO8BvXtYLLLDvk12hc.jpg','[\"catalogs\\/October2018\\/P5pZmY3d8ZGiEArTz57S.jpg\",\"catalogs\\/October2018\\/huJAy80vqdlWk5SBBQUa.jpg\"]','2018-10-13 12:15:59','2018-10-13 12:15:59',NULL,NULL,NULL),(31,'Солнцезащитные очки Vogue 4105S 917/87','Цвет рамки оправы: черный\r\nМатериал линз: полимер\r\nЦвет линз: серый\r\nСтрана: Италия\r\nКатегория и фильтр линз: 3n\r\n% пропускания света: 9,3','7100','state1','Vogue','catalogs/October2018/vEuUrVxbaHWQPxfJCQlv.jpg','[\"catalogs\\/October2018\\/ZtQMf050znpHDEqC0cUl.jpg\",\"catalogs\\/October2018\\/aoIYcSI0nSPXk801hy4c.jpg\",\"catalogs\\/October2018\\/2tyjmC2HA8Aaui2wcmW0.jpg\"]','2018-10-13 12:19:10','2018-10-13 12:19:10',NULL,NULL,NULL),(32,'Солнцезащитные очки Vogue 5211S W44/87','Цвет рамки оправы: черный\r\nМатериал линз: полимер\r\nЦвет линз: серый\r\nСтрана: Италия\r\nКатегория и фильтр линз: 3n\r\n% пропускания света: 11','7100','state1','Vogue','catalogs/October2018/rb8BYXzOaLOJF5SnoB7S.jpg','[\"catalogs\\/October2018\\/n9G2cUvrpvNDjEqDNv3q.jpg\",\"catalogs\\/October2018\\/Dhjeog47jCoyQEyhJi1a.jpg\"]','2018-10-13 12:21:22','2018-10-13 12:21:22',NULL,NULL,NULL),(33,'Солнцезащитные очки Vogue 5161S W44/11','Цвет рамки оправы: черный\r\nМатериал линз: полимер\r\nЦвет линз: серый градиент \r\nСтрана: Италия\r\nКатегория и фильтр линз: 2n\r\n% пропускания света: 26','6100','state1','Vogue','catalogs/October2018/3j160prbsdyCN9exSBjF.jpg','[\"catalogs\\/October2018\\/ceynpzrymwC59TMvzxcp.jpg\",\"catalogs\\/October2018\\/wpGOkTcGoGon8Zc4eO7u.jpg\"]','2018-10-13 12:22:38','2018-10-13 12:22:38',NULL,NULL,NULL),(34,'Солнцезащитные очки Vogue 5132S 249813','Цвет рамки оправы: насыщенный коричневый\r\nМатериал линз: полимер\r\nЦвет линз: коричневый градиент \r\nСтрана: Италия\r\nКатегория и фильтр линз: 3n\r\n% пропускания света: 16','6100','state1','Vogue','catalogs/October2018/K3WNwI3BQ3izWwuQIEkp.jpg','[\"catalogs\\/October2018\\/B4EZWyY6C7q5esos27m5.jpg\",\"catalogs\\/October2018\\/kfn02ql9vYzNvXP8oVwe.jpg\"]','2018-10-13 12:23:39','2018-10-13 12:23:39',NULL,NULL,NULL),(35,'Солнцезащитные очки Vogue 5230S W44/11','Цвет рамки оправы: черный\r\nМатериал линз: полимер\r\nЦвет линз: серый градиент \r\nСтрана: Италия\r\nКатегория и фильтр линз: 2n\r\n% пропускания света: 26','6100','state1','Vogue','catalogs/October2018/Tzl6pGxOX0rQCvWLQbWc.jpg','[\"catalogs\\/October2018\\/apJ5OrdNYp4VcW49dcou.jpg\",\"catalogs\\/October2018\\/HsMpZ1UcKXwllWHsLR9R.jpg\"]','2018-10-13 12:24:47','2018-10-13 12:24:47',NULL,NULL,NULL),(36,'Солнцезащитные очки Vogue 4085S 848/13','Цвет рамки оправы: золотистый\r\nМатериал линз: полимер\r\nЦвет линз: коричневый градиент \r\nСтрана: Италия\r\nКатегория и фильтр линз: 3n\r\n% пропускания света: 16','7100','state1','Vogue','catalogs/October2018/LWG34oSkLHOF6tem9H1p.jpg','[\"catalogs\\/October2018\\/DUoZlUmzHdnH5a3Q9I7K.jpg\",\"catalogs\\/October2018\\/n4F8dBFBnEbgc8xrBCN6.jpg\"]','2018-10-13 12:26:23','2018-10-13 12:26:23',NULL,NULL,NULL),(37,'Медицинская оправа Vogue 2961 2493','Материал оправы: Ацетат целлюлозы\r\nЦвет оправы: насыщенный зеленый\r\nСтрана: Италия\r\nШирина линзы: 53\r\nМост: 17\r\nДлина заушника: 135','5100','state4','Vogue','catalogs/October2018/wDheSX4Itf5sKwDfJ2Nt.jpg','[\"catalogs\\/October2018\\/yT6wEGfMpIGiZgTWEQR1.jpg\",\"catalogs\\/October2018\\/HshqE0i2UxMkzGjW58uA.jpg\"]','2018-10-13 12:28:00','2018-10-13 12:28:00',NULL,NULL,NULL),(38,'Солнцезащитные очки Vogue 5230-S 26427C','Цвет рамки оправы: прозрачный\r\nМатериал линз: полимер\r\nЦвет линз: серый градиент с зеркальным покрытием\r\nСтрана: Италия\r\nКатегория и фильтр линз: 1n\r\n% пропускания света: 56,1','6100','state1','Vogue','catalogs/October2018/zkzs5ILAykOuPZzwIt1S.jpg','[\"catalogs\\/October2018\\/BSb6S8nAAvbcxk0EDrR8.jpg\",\"catalogs\\/October2018\\/H7SQ8Dt4oxaziUPopOzp.jpg\"]','2018-10-13 12:29:06','2018-10-13 12:29:06',NULL,NULL,NULL),(39,'Медицинская оправа Vogue 5190 W44','Материал оправы: Ацетат целлюлозы\r\nЦвет оправы: Черный\r\nСтрана: Италия\r\nШирина линзы: 54\r\nМост: 17\r\nДлина заушника: 140','5100','state4','Vogue','catalogs/October2018/lkq0DEIdngYFgBPcymd6.jpg','[\"catalogs\\/October2018\\/4ayFPYDpKGVXlKURJ3Rj.jpg\",\"catalogs\\/October2018\\/Exs2gqZyUOtqz3gvvPY9.jpg\"]','2018-10-13 12:30:36','2018-10-13 12:30:36',NULL,NULL,NULL),(40,'Солнцезащитные очки Vogue 2943S W44/11','Цвет рамки оправы: black\r\nМатериал линз: полимер\r\nЦвет линз: серый градиент\r\nСтрана: Италия\r\nКатегория и фильтр линз: 2n\r\n% пропускания света: 26','6100','state1','Vogue','catalogs/October2018/pNrt1qvaHBSIjoJTBGsE.jpg','[\"catalogs\\/October2018\\/nDLOMof0mRjiI1dHEmfO.jpg\",\"catalogs\\/October2018\\/WFgizC0y1KNdz8kEzpCP.jpg\"]','2018-10-13 12:31:59','2018-10-13 12:31:59',NULL,NULL,NULL),(41,'Медицинская оправа Vogue 5152 W44','Материал оправы: Ацетат целлюлозы\r\nЦвет оправы: Черный\r\nСтрана: Италия\r\nШирина линзы: 52\r\nМост: 17\r\nДлина заушника: 140','5100','state4','Vogue','catalogs/October2018/Cy8u9Bz9180ecE8ApZtm.jpg','[\"catalogs\\/October2018\\/DWszKNzkP4Lg6VqcYsVV.jpg\",\"catalogs\\/October2018\\/0BL4aWZu5VvLTF0PMXwH.jpg\"]','2018-10-13 12:33:14','2018-10-13 12:33:14',NULL,NULL,NULL),(42,'Солнцезащитные очки Vogue 5215S W44/11','Цвет рамки оправы: black\r\nМатериал линз: полимер\r\nЦвет линз: серый градиент\r\nСтрана: Италия\r\nКатегория и фильтр линз: 2\r\n% пропускания света: 30','6100','state1','Vogue','catalogs/October2018/tJGbX8fnIfaTdHd4I94I.jpg','[\"catalogs\\/October2018\\/DDyyyKkhjCow4gCAP0f9.jpg\",\"catalogs\\/October2018\\/GM2cwXB2k0UcZpIENbmO.jpg\"]','2018-10-13 12:35:53','2018-10-13 12:35:53',NULL,NULL,NULL),(43,'Медицинская оправа Vogue 5056 2385','Материал оправы: Ацетат целлюлозы\r\nЦвет оправы: Черный\r\nСтрана: Италия\r\nШирина линзы: 53\r\nМост: 17\r\nДлина заушника: 140','5100','state4','Vogue','catalogs/October2018/cJJ3Ukrk5wys1zQK62jc.jpg','[\"catalogs\\/October2018\\/xt62lFNgSCMu0Lwjo4Id.jpg\",\"catalogs\\/October2018\\/mkbzBxdLBKriOPXWuJh7.jpg\"]','2018-10-13 12:37:52','2018-10-16 05:02:02',NULL,NULL,NULL),(44,'Медицинская оправа Vogue 4011 999','Материал оправы: Металл\r\nЦвет оправы: ANTHRACITE/GOLD\r\nСтрана: Италия\r\nШирина линзы: 51\r\nМост: 18\r\nДлина заушника: 140','5100','state4','Vogue','catalogs/October2018/h5PyXHzkwHS2EvdbaDgG.jpg','[\"catalogs\\/October2018\\/20cze3PPPCOtxA4oucXs.jpg\",\"catalogs\\/October2018\\/feCcoA1CVjspjxJ2Y1ta.jpg\"]','2018-10-13 13:09:27','2018-10-13 13:09:27',NULL,NULL,NULL),(45,'Солнцезащитные очки Vogue 5137S W44/87','Цвет рамки оправы: black\r\nМатериал линз: полимер\r\nЦвет линз: серый\r\nСтрана: Италия\r\nКатегория и фильтр линз: 3\r\n% пропускания света: 9,3','6100','state1','Vogue','catalogs/October2018/Esd45QsdQSFtJjDJJZtS.jpg','[\"catalogs\\/October2018\\/Vmpr9zKSfkooEC0gPvqB.jpg\",\"catalogs\\/October2018\\/OELJHw5gFZR5MvI4tKcD.jpg\"]','2018-10-13 13:10:50','2018-10-13 13:10:50',NULL,NULL,NULL),(46,'Медицинская оправа Vogue 5028 2387','Материал оправы: Ацетат целлюлозы\r\nЦвет оправы: Насыщенный розовый\r\nСтрана: Италия\r\nШирина линзы: 53\r\nМост: 17\r\nДлина заушника: 140','5100','state4','Vogue','catalogs/October2018/8x2zUhX4eMJDZrbvhNmE.jpg','[\"catalogs\\/October2018\\/IuBSsanqkixPAs64w4KM.jpg\",\"catalogs\\/October2018\\/WuHn4GBPoILnuegrgQYq.jpg\"]','2018-10-13 13:12:06','2018-10-13 13:12:06',NULL,NULL,NULL),(47,'Солнцезащитные очки Vogue 5166S 256613','Цвет рамки оправы: red\r\nМатериал линз: полимер\r\nЦвет линз: коричневый градиент\r\nСтрана: Италия\r\nКатегория и фильтр линз: 3\r\n% пропускания света: 16','6100','state1','Vogue','catalogs/October2018/pHs64UA957Ias5H3b6s3.jpg','[\"catalogs\\/October2018\\/TgHUXJD3jh27J5y1FaUY.jpg\",\"catalogs\\/October2018\\/MgLE4muCJVoaV9UUBA2A.jpg\"]','2018-10-13 13:13:15','2018-10-13 13:13:15',NULL,NULL,NULL),(48,'Солнцезащитные очки Vogue 4010S 997/13','Цвет рамки оправы: brown\r\nМатериал линз: полимер\r\nЦвет линз: коричневый градиент\r\nСтрана: Италия\r\nКатегория и фильтр линз: 3\r\n% пропускания света: 16','6100','state1','Vogue','catalogs/October2018/vZSkBaMQ8HJMdXsC1N7K.jpg','[\"catalogs\\/October2018\\/NMKDcjqNGOlaVGyizBhn.jpg\",\"catalogs\\/October2018\\/cfriVYMPsYr1P89OTy1l.jpg\"]','2018-10-13 13:14:30','2018-10-13 13:14:30',NULL,NULL,NULL),(49,'Медицинская оправа Vogue 2907 W44','Материал оправы: Ацетат целлюлозы\r\nЦвет оправы: черный\r\nСтрана: Италия\r\nШирина линзы: 54\r\nМост: 18\r\nДлина заушника: 140','5100','state4','Vogue','catalogs/October2018/Jyv84wlWBdDFnNdWeroG.jpg','[\"catalogs\\/October2018\\/vn2QdBV68A4KPkTKprSQ.jpg\",\"catalogs\\/October2018\\/nxNMmjUwI5dQiuqCQGnI.jpg\"]','2018-10-13 13:15:38','2018-10-13 13:15:38',NULL,NULL,NULL),(50,'Медицинская оправа Vogue 2714 2584','Материал оправы: Ацетат целлюлозы\r\nЦвет оправы: насыщенный красный\r\nСтрана: Италия\r\nШирина линзы: 54\r\nМост: 16\r\nДлина заушника: 140',NULL,'state4','Vogue','catalogs/October2018/FOeQPSquTmy2JqPY5mHh.jpg','[\"catalogs\\/October2018\\/DBcmhKxUGNSRMLsQ2u1e.jpg\",\"catalogs\\/October2018\\/C1Rs3FiDMDkxUKMq44v3.jpg\"]','2018-10-13 13:16:43','2018-10-13 13:16:43',NULL,NULL,NULL),(51,'Солнцезащитные очки Versace 2161B 1252W6','Цвет рамки оправы: red\r\nМатериал линз: полимер\r\nЦвет линз: темно серый с зеркальным покрытием\r\nСтрана: Италия\r\nКатегория и фильтр линз: 3\r\n% пропускания света: 13','18150','state1','Versace','catalogs/October2018/AsUEMR53RSfGEDwKFiQo.jpg','[\"catalogs\\/October2018\\/VBc3RVWYDfXn13tTSL7F.jpg\",\"catalogs\\/October2018\\/87qqvC4Ly2vW6DeQHRAD.jpg\"]','2018-10-13 13:18:23','2018-10-13 13:18:23',NULL,NULL,NULL),(52,'Медицинская оправа Versace 3256 GB1','Материал оправы: Ацетат целлюлозы\r\nЦвет оправы: черный\r\nСтрана: Италия\r\nШирина линзы: 54\r\nМост: 17\r\nДлина заушника: 140','10690','state4','Versace','catalogs/October2018/RXzrQgweujHjuQvAmvK5.jpg','[\"catalogs\\/October2018\\/4QbV5RVPSsBl0z1Sx2om.jpg\",\"catalogs\\/October2018\\/juYdImGlaMqBlV1JQSiX.jpg\"]','2018-10-13 13:20:47','2018-10-13 13:20:47',NULL,NULL,NULL),(53,'Солнцезащитные очки Versace 4313 518011','Цвет рамки оправы: black\r\nМатериал линз: полимер\r\nЦвет линз: серый градиент\r\nСтрана: Италия\r\nКатегория и фильтр линз: 2\r\n% пропускания света: 30','12490','state1','Versace','catalogs/October2018/vVmudhuM3vcpVXhAb0na.jpg','[\"catalogs\\/October2018\\/jssNcYJ0ARB6GJm8s2C5.jpg\",\"catalogs\\/October2018\\/rNJSYWn7wRyQjfs93aiG.jpg\"]','2018-10-13 13:22:05','2018-10-13 13:22:05',NULL,NULL,NULL),(54,'Медицинская оправа Versace 3156 GB1','Материал оправы: Ацетат целлюлозы\r\nЦвет оправы: черный\r\nСтрана: Италия\r\nШирина линзы: 53\r\nМост: 15\r\nДлина заушника: 135','9990','state4','Versace','catalogs/October2018/Aqul3Nu8cpjmmfiYqOfZ.jpg','[\"catalogs\\/October2018\\/trbVZHhPsScaaVFzpiM4.jpg\",\"catalogs\\/October2018\\/x3eC3rnCmf2rGJXfQXUd.jpg\"]','2018-10-13 13:55:50','2018-10-13 13:55:50',NULL,NULL,NULL),(55,'Солнцезащитные очки Emporio Armani 4106 5611/11','Цвет рамки оправы: purple\r\nМатериал линз: полимер\r\nЦвет линз: градиент серый\r\nСтрана: Италия\r\nКатегория и фильтр линз: 2n\r\n% пропускания света: 30','13490','state1','Emporio Armani','catalogs/October2018/Nprw3dHUT80LVED9MJPp.jpg','[\"catalogs\\/October2018\\/xjK5bMAzEBvmedhqJr5f.jpg\",\"catalogs\\/October2018\\/8tFBZUpDvHM0QIiynZO7.jpg\"]','2018-10-13 14:39:03','2018-10-13 14:39:03',NULL,NULL,NULL),(56,'Медицинская оправа Emporio Armani 1041 3109','Материал оправы: Металл\r\nЦвет оправы: черный\r\nСтрана: Италия\r\nШирина линзы: 55\r\nМост: 17\r\nДлина заушника: 140','8990','state4','Emporio Armani','catalogs/October2018/OGmKI6jkvfhZWRMGYPrl.jpg','[\"catalogs\\/October2018\\/m8HmDQ2LoYyiVH2xubJ9.jpg\",\"catalogs\\/October2018\\/vsH1NM4vurAm2lvcGFMT.jpg\"]','2018-10-13 14:42:03','2018-10-13 14:42:03',NULL,NULL,NULL),(57,'Медицинская оправа Emporio Armani 3132 5017','Материал оправы: Ацетат Целлюлозы\r\nЦвет оправы: черный\r\nСтрана: Италия\r\nШирина линзы: 52\r\nМост: 17\r\nДлина заушника: 140','8990','state4','Emporio Armani','catalogs/October2018/3xoa0qm7Q3w101rZojav.jpg','[\"catalogs\\/October2018\\/DtDFO0FuW5EQqYQO9exk.jpg\",\"catalogs\\/October2018\\/YwgPiHVQds5TRMtzOBdM.jpg\"]','2018-10-13 14:43:25','2018-10-13 14:45:27',NULL,NULL,NULL),(58,'Солнцезащитные очки Emporio Armani 4071 504281','Цвет рамки оправы: black\r\nМатериал линз: полимер\r\nЦвет линз: серый, есть поляризация\r\nСтрана: Италия\r\nКатегория и фильтр линз: 3\r\n% пропускания света: 15','13490','state1','Emporio Armani','catalogs/October2018/R9t1klVlegB9140oNkzd.jpg','[\"catalogs\\/October2018\\/pvBcyquyt2bV5eaYceaz.jpg\",\"catalogs\\/October2018\\/7eY8QwokFZcivLAthQFX.jpg\"]','2018-10-13 14:45:14','2018-10-13 14:45:14',NULL,NULL,NULL),(59,'Медицинская оправа Emporio Armani 3125 5647','Материал оправы: Ацетат Целлюлозы\r\nЦвет оправы: коричневый\r\nСтрана: Италия\r\nШирина линзы: 55\r\nМост: 17\r\nДлина заушника: 140','8990','state4','Emporio Armani','catalogs/October2018/5FHnKROknQD8V5uFrGwz.jpg','[\"catalogs\\/October2018\\/nD0L7zFWy2L2fhIiVTX4.jpg\",\"catalogs\\/October2018\\/or2F6pyXPTppJv8Fq9DN.jpg\"]','2018-10-13 14:47:48','2018-10-13 14:47:48',NULL,NULL,NULL),(60,'Солнцезащитные очки Emporio Armani 4109 50426G','Цвет рамки оправы: black\r\nМатериал линз: полимер\r\nЦвет линз: серый, есть зекальное покрытие серебристого цвета\r\nСтрана: Италия\r\nКатегория и фильтр линз: 3\r\n% пропускания света: 12','13490','state1','Emporio Armani','catalogs/October2018/f7CytSPHsEv3oYO8wghB.jpg','[\"catalogs\\/October2018\\/WdsHNSWCxlRi2BV6l970.jpg\",\"catalogs\\/October2018\\/DARP1e9CX5YhHGeNcMCe.jpg\"]','2018-10-13 14:49:17','2018-10-13 14:49:17',NULL,NULL,NULL),(61,'Солнцезащитные очки Emporio Armani 4033 5229T3','Цвет рамки оправы: black\r\nМатериал линз: полимер\r\nЦвет линз: серый, есть поляризация\r\nСтрана: Италия\r\nКатегория и фильтр линз: 3\r\n% пропускания света: 13','13490','state1','Emporio Armani','catalogs/October2018/CysjhMyY0CdmPuNysjYD.jpg','[\"catalogs\\/October2018\\/fWQ4sXmXBNeVqkvuetIq.jpg\",\"catalogs\\/October2018\\/44GMTIMgu8hdrOYOaYCT.jpg\"]','2018-10-13 14:52:06','2018-10-13 14:52:06',NULL,NULL,NULL),(62,'Медицинская оправа Emporio Armani 3124 5042','Материал оправы: Ацетат Целлюлозы\r\nЦвет оправы: черный\r\nСтрана: Италия\r\nШирина линзы: 55\r\nМост: 17\r\nДлина заушника: 145','8990','state4','Emporio Armani','catalogs/October2018/dZV1xsJCixTMLzZQahFj.jpg','[\"catalogs\\/October2018\\/jSeIlOrJAnjtoMBC4wt2.jpg\",\"catalogs\\/October2018\\/Cewc8Hf9FIZuhlv1MJxI.jpg\"]','2018-10-13 14:53:26','2018-10-13 14:53:26',NULL,NULL,NULL),(63,'Солнцезащитные очки Emporio Armani 2056 30101Y','Цвет рамки оправы: gunmetal\r\nМатериал линз: полимер\r\nЦвет линз: темно-серый, в верхней части зеркальное покрытие серого цвета\r\nСтрана: Италия\r\nКатегория и фильтр линз: 3\r\n% пропускания света: 9,2','13490','state1','Emporio Armani','catalogs/October2018/zfFGVSbaxZLXk1nqWH9T.jpg','[\"catalogs\\/October2018\\/6iHhZOgPW9op3uPe0Lvi.jpg\",\"catalogs\\/October2018\\/LftLnjxl1uMGjdpHnvbT.jpg\"]','2018-10-13 14:54:44','2018-10-13 14:54:44',NULL,NULL,NULL),(64,'Медицинская оправа Emporio Armani 1041 3111','Материал оправы: металл\r\nЦвет оправы: синий\r\nСтрана: Италия\r\nШирина линзы: 55\r\nМост: 17\r\nДлина заушника: 140','8990','state4','Emporio Armani','catalogs/October2018/L6W1PnCNkZAPdKcSivmD.jpg','[\"catalogs\\/October2018\\/V2tHxu9bYNTt4H6l7GfU.jpg\",\"catalogs\\/October2018\\/lmnfM5bSYVLRuRcciDCe.jpg\"]','2018-10-13 14:56:00','2018-10-13 14:56:00',NULL,NULL,NULL),(65,'Медицинская оправа Emporio Armani 3112 5017','Материал оправы: Ацетат Целлюлозы\r\nЦвет оправы: черный\r\nСтрана: Италия\r\nШирина линзы: 56\r\nМост: 18\r\nДлина заушника: 145','8990','state4','Emporio Armani','catalogs/October2018/LDiwepQ3Dk2nfVUOOQif.jpg','[\"catalogs\\/October2018\\/nM8f6WTTOOPRDGGkpqeh.jpg\",\"catalogs\\/October2018\\/ObJOJTbN6lUxx3Ha2p51.jpg\"]','2018-10-13 14:57:19','2018-10-13 14:57:19',NULL,NULL,NULL),(66,'Солнцезащитные очки Emporio Armani 4058 506381','Цвет рамки оправы: black\r\nМатериал линз: полимер\r\nЦвет линз: серый, есть поляризация\r\nСтрана: Италия\r\nКатегория и фильтр линз: 3\r\n% пропускания света: 15','13490','state1','Emporio Armani','catalogs/October2018/qoe7MLzCms78iTp6QuxG.jpg','[\"catalogs\\/October2018\\/SFxHfXXRsDQd8GQqDzOo.jpg\",\"catalogs\\/October2018\\/zcCpwWi2BElg7GDZm6qr.jpg\"]','2018-10-13 14:59:33','2018-10-13 14:59:33',NULL,NULL,NULL),(67,'Медицинская оправа Emporio Armani 3109 5017','Материал оправы: Ацетат Целлюлозы\r\nЦвет оправы: черный\r\nСтрана: Италия\r\nШирина линзы: 54\r\nМост: 16\r\nДлина заушника: 140','8990','state4','Emporio Armani','catalogs/October2018/HZfu13IlTJqyJY9ZXv5N.jpg','[\"catalogs\\/October2018\\/iY6mZ6AluTaWiSHCOPk0.jpg\",\"catalogs\\/October2018\\/oFRxLlsJ63je5uzUNyWQ.jpg\"]','2018-10-13 15:01:01','2018-10-13 15:01:01',NULL,NULL,NULL),(68,'Солнцезащитные очки Emporio Armani 4047 56518G','Цвет рамки оправы: black\r\nМатериал линз: полимер\r\nЦвет линз: градиент серый\r\nСтрана: Италия\r\nКатегория и фильтр линз: 3\r\n% пропускания света: 15,2','13490','state1','Emporio Armani','catalogs/October2018/y1CAAaRI7RfCU0LkwS0h.jpg','[\"catalogs\\/October2018\\/O4Z3cFni4SpRsiLvvY1A.jpg\",\"catalogs\\/October2018\\/Qiu0TI45nPeVY0kQ9kOE.jpg\"]','2018-10-13 15:03:10','2018-10-13 15:03:10',NULL,NULL,NULL),(69,'Солнцезащитные очки Emporio Armani 2055 30108G','Цвет рамки оправы: gunmetal\r\nМатериал линз: полимер\r\nЦвет линз: градиент серый\r\nСтрана: Италия\r\nКатегория и фильтр линз:	3\r\n% пропускания света: 15,2','13490','state1','Emporio Armani','catalogs/October2018/yg5vX3SspFbhegwBBJXh.jpg','[\"catalogs\\/October2018\\/NSyYFgLA1Qdokq2v7ju6.jpg\",\"catalogs\\/October2018\\/qlcZ82LUBAaYuPES74m8.jpg\",\"catalogs\\/October2018\\/MKRn0hgRReH0wsc1lk2e.jpg\",\"catalogs\\/October2018\\/3RfIVFTHvYZRYayUz74M.jpg\"]','2018-10-13 15:04:38','2018-10-13 15:08:35',NULL,NULL,NULL),(70,'Медицинская оправа Emporio Armani 3026 5017','Материал оправы: Ацетат Целлюлозы\r\nЦвет оправы: черный\r\nСтрана: Италия\r\nШирина линзы: 54\r\nМост: 15\r\nДлина заушника: 140','8990','state4','Emporio Armani','catalogs/October2018/wBKBTrybgsdGiQqAaeod.jpg','[\"catalogs\\/October2018\\/psUft0kjx9BI5eQpyWeI.jpg\",\"catalogs\\/October2018\\/Du7X7nKaxFBZDbJ5drh6.jpg\"]','2018-10-13 15:06:13','2018-10-13 15:06:13',NULL,NULL,NULL),(71,'Медицинская оправа Emporio Armani 1066 3010','Материал оправы: металл\r\nЦвет оправы: серебристый\r\nСтрана: Италия\r\nШирина линзы: 54\r\nМост: 16\r\nДлина заушника: 140','8990','state4','Emporio Armani','catalogs/October2018/R3BGmBaR4X2XMjNPQvNw.jpg','[\"catalogs\\/October2018\\/3xWoFv6GdyMQPNjlNFLh.jpg\",\"catalogs\\/October2018\\/uhVczVChU8M0VWM12NhV.jpg\"]','2018-10-13 15:08:08','2018-10-13 15:08:08',NULL,NULL,NULL),(72,'Медицинская оправа Emporio Armani 1061 3175','Материал оправы: металл\r\nЦвет оправы: коричневый\r\nСтрана: Италия\r\nШирина линзы: 55\r\nМост: 17\r\nДлина заушника: 145','8990','state4','Emporio Armani','catalogs/October2018/LUuaufu9KX2zICqofJRT.jpg','[\"catalogs\\/October2018\\/u44WVwZpql1kSKZ0Qeta.jpg\",\"catalogs\\/October2018\\/wUtsgKrOOyruWQCpCpIS.jpg\"]','2018-10-13 15:10:41','2018-10-13 15:10:41',NULL,NULL,NULL),(73,'Медицинская оправа Emporio Armani 1061 3001','Материал оправы: металл\r\nЦвет оправы: черный\r\nСтрана: Италия\r\nШирина линзы: 55\r\nМост: 17\r\nДлина заушника: 145','8990','state4','Emporio Armani','catalogs/October2018/iw5CyMChKhcCe3tnUHVU.jpg','[\"catalogs\\/October2018\\/lLCdXi9zxTLM4H9pRlBi.jpg\",\"catalogs\\/October2018\\/uFoQEt9MkbgymK58lkF3.jpg\"]','2018-10-13 15:13:00','2018-10-13 15:13:00',NULL,NULL,NULL),(74,'Солнцезащитные очки Bolon BL 8028 B10',NULL,'11297','state1','Bolon','catalogs/October2018/FHJ2cDI6T6Je7AVqjBBK.jpg','[\"catalogs\\/October2018\\/2hvujBLhUBS0vfvUo9rg.jpg\",\"catalogs\\/October2018\\/2M1AMUX7RULM3NdF0oaM.jpg\"]','2018-10-15 17:25:02','2018-10-15 17:25:02',NULL,NULL,NULL),(75,'Солнцезащитные очки Bolon BL 8025 D11',NULL,'11297','state1','Bolon','catalogs/October2018/3aAC06sFjSqhuf9AOFpr.jpg','[\"catalogs\\/October2018\\/ulYRmchyUH3uMRNQ0YCj.jpg\",\"catalogs\\/October2018\\/ROj4MGGr5Y4KLbGZKsUZ.jpg\"]','2018-10-15 17:25:48','2018-10-15 17:25:48',NULL,NULL,NULL),(76,'Солнцезащитные очки Bolon BL 8013 C10',NULL,'11297','state1','Bolon','catalogs/October2018/0bvdz8LgMzIK5C5h3L7B.jpg','[\"catalogs\\/October2018\\/2EcfdXx1YbMKoMHXl4yl.jpg\",\"catalogs\\/October2018\\/cudee13NA0okyty2ZDQD.jpg\"]','2018-10-15 17:26:47','2018-10-15 17:26:47',NULL,NULL,NULL),(77,'Солнцезащитные очки Bolon BL 8009 D10',NULL,'11297','state1','Bolon','catalogs/October2018/t8qzMXDQBakMK6QAVDqW.jpg','[\"catalogs\\/October2018\\/kHh2nBFSWtCId86hyZVb.jpg\",\"catalogs\\/October2018\\/2Cu9KXWc0wo2ZrCXPHEi.jpg\"]','2018-10-15 17:27:31','2018-10-15 17:27:31',NULL,NULL,NULL),(78,'Солнцезащитные очки Bolon BL 8007 B11',NULL,'11297','state1','Bolon','catalogs/October2018/al7j2srzMzmupcOA4B6i.jpg','[\"catalogs\\/October2018\\/hF1L9O5VT4Y3dXnhc2Pa.jpg\",\"catalogs\\/October2018\\/Q5Eq2UQc0GrVpWRA0V7X.jpg\"]','2018-10-15 17:28:35','2018-10-15 17:28:35',NULL,NULL,NULL),(79,'Солнцезащитные очки Bolon BL 7013 B50',NULL,'12976','state1','Bolon','catalogs/October2018/Lr7c6smVWGzFizxIrdkI.jpg','[\"catalogs\\/October2018\\/9GbLBvyLc8NwdZTUdupj.jpg\",\"catalogs\\/October2018\\/tQjspEU8RzGhEe49hG60.jpg\"]','2018-10-15 17:29:15','2018-10-15 17:29:15',NULL,NULL,NULL),(80,'Солнцезащитные очки Bolon BL 7013 B10',NULL,'12976','state1','Bolon','catalogs/October2018/L4v9zxGNWCvaCbNq8sWj.jpg','[\"catalogs\\/October2018\\/Hj4RpZkY93MubWIBFVgH.jpg\",\"catalogs\\/October2018\\/2XzrLFgXsFDpYEYgItBo.jpg\"]','2018-10-15 17:29:55','2018-10-15 17:29:55',NULL,NULL,NULL),(81,'Солнцезащитные очки Bolon BL 7008 C10',NULL,'11297','state1','Bolon','catalogs/October2018/WDnybXOI3Iv9c24tQiA1.jpg','[\"catalogs\\/October2018\\/y7ls42Ty1hVxbdH5HU6Q.jpg\",\"catalogs\\/October2018\\/pTZhJP9WFdMnxLI2zkkR.jpg\"]','2018-10-15 17:30:33','2018-10-15 17:30:33',NULL,NULL,NULL),(82,'Солнцезащитные очки Bolon BL 7007 C70',NULL,'12976','state1','Bolon','catalogs/October2018/ddwerBrlFKjiew27agvs.jpg','[\"catalogs\\/October2018\\/IqUL9WXzg2SGUg8Qpgbc.jpg\",\"catalogs\\/October2018\\/r53Jea219f0W77onyaiq.jpg\"]','2018-10-15 17:31:04','2018-10-15 17:31:04',NULL,NULL,NULL),(83,'Солнцезащитные очки Bolon BL 7015 A11',NULL,'12976','state1','Bolon','catalogs/October2018/lr3Bxy1IeJXEIwkTfC4R.jpg','[\"catalogs\\/October2018\\/p4bnX63uB5fTrI9dJ1IM.jpg\",\"catalogs\\/October2018\\/G2tzKmZlFvZCnGTifJ24.jpg\"]','2018-10-15 17:31:48','2018-10-15 17:31:48',NULL,NULL,NULL),(84,'Солнцезащитные очки BALDININI BLD 1820 101',NULL,'15266','state1','BALDININI','catalogs/October2018/tj6ik92wc0e7liOurYYM.jpg','[\"catalogs\\/October2018\\/OX5jYMX268HbHuyWD7zJ.jpg\"]','2018-10-15 17:32:56','2018-10-15 17:32:56',NULL,NULL,NULL),(85,'Солнцезащитные очки BALDININI BLD 1731 102 GOLD',NULL,'16639','state1','BALDININI','catalogs/October2018/fAa2G1YZG2iChRf9n1bn.jpg','[\"catalogs\\/October2018\\/L4mSQRL3aMtAA35IgIYx.jpg\"]','2018-10-15 17:33:45','2018-10-15 17:33:45',NULL,NULL,NULL),(86,'Солнцезащитные очки BALDININI BLD 1730 104 GOLD',NULL,'14349','state1','BALDININI','catalogs/October2018/vPV9twdeLohzknjMPEwZ.jpg','[\"catalogs\\/October2018\\/1udstxVTAevOnSdr4y6J.jpg\"]','2018-10-15 17:34:39','2018-10-15 17:34:39',NULL,NULL,NULL),(87,'Солнцезащитные очки BALDININI BLD 1705 103',NULL,'16487','state1','BALDININI','catalogs/October2018/fNUlNNXcwWwatDMhNjl0.jpg','[\"catalogs\\/October2018\\/rt8ZqVgtUnxppphCu8oh.jpg\"]','2018-10-15 17:35:25','2018-10-15 17:35:25',NULL,NULL,NULL),(88,'Солнцезащитные очки BALDININI BLD 1703 303',NULL,'8549','state1','BALDININI','catalogs/October2018/Oj8JDhrJ1ScnetOSranZ.jpg','[\"catalogs\\/October2018\\/BeDzaIxh17Xs7u8qzaHa.jpg\"]','2018-10-15 17:36:00','2018-10-15 17:36:00',NULL,NULL,NULL),(89,'Оправа медицинская Blumarine 661 c0700','Материал оправы: пластик\r\nЦвет оправы: черный\r\nСтрана: Италия\r\nШирина линзы: 53\r\nМост: 16\r\nДлина заушника: 140','14430','state4','Blumarine','catalogs/October2018/InSxPJtH1uygSL7nvgGN.jpg','[\"catalogs\\/October2018\\/DwqeDBdeDEB35676caZY.jpg\",\"catalogs\\/October2018\\/szvSnnvdn8W0LDnZdG8O.jpg\"]','2018-10-15 17:38:15','2018-10-15 17:38:15',NULL,NULL,NULL),(90,'Оправа медицинская Blumarine 091 c300Y','Материал оправы: металл\r\nЦвет оправы: золотой\r\nСтрана: Италия\r\nШирина линзы: 53\r\nМост: 17\r\nДлина заушника: 135','14430','state4','Blumarine','catalogs/October2018/USbzPJUQAl83nobkcuXj.jpg','[\"catalogs\\/October2018\\/39eYpWeQL1vH6KvvsaMq.jpg\",\"catalogs\\/October2018\\/ZXQK6lvWWYuOXsSjwaNy.jpg\"]','2018-10-15 17:39:33','2018-10-15 17:39:33',NULL,NULL,NULL),(91,'Оправа медицинская Blumarine 088S c0E66','Материал оправы: металл\r\nЦвет оправы: золотой / фиолетово-пурпурный\r\nСтрана: Италия\r\nШирина линзы: 54\r\nМост: 16\r\nДлина заушника: 140','14430','state4','Blumarine','catalogs/October2018/fJcRyP6Y9saT5bPFVmzb.jpg','[\"catalogs\\/October2018\\/o7CYuJ2tr2o1bzu15VKF.jpg\",\"catalogs\\/October2018\\/8UsDBnjZ6T33FiBQuAv5.jpg\"]','2018-10-15 17:41:19','2018-10-16 05:01:11',NULL,NULL,NULL),(92,'Оправа медицинская Blumarine 087S c0301','Материал оправы: металл\r\nЦвет оправы: золотой / черный\r\nСтрана: Италия\r\nШирина линзы: 55\r\nМост: 16\r\nДлина заушника: 140','14430','state4','Blumarine','catalogs/October2018/fsxZ6xEqjL0eh2gaOqbQ.jpg','[\"catalogs\\/October2018\\/COKmJyCLYyP2jWNrhYPO.jpg\",\"catalogs\\/October2018\\/Pn838PsK0aJKAWi10SrY.jpg\"]','2018-10-15 17:45:50','2018-10-15 17:45:50',NULL,NULL,NULL),(93,'Оправа медицинская Blumarine 077S c08FE','Материал оправы: металл\r\nЦвет оправы: золотой\r\nСтрана: Италия\r\nШирина линзы: 54\r\nМост: 16\r\nДлина заушника: 140','14430','state4','Blumarine','catalogs/October2018/WAijmOxcQ1rdHPfYZQ6J.jpg','[\"catalogs\\/October2018\\/LXtyVeUeNhrtL86aEig9.jpg\",\"catalogs\\/October2018\\/JmKsjL4qlRZALpBiRE6v.jpg\"]','2018-10-15 17:49:30','2018-10-15 17:49:30',NULL,NULL,NULL),(94,'Оправа медицинская Blumarine 657S c0700','Материал оправы: пластик\r\nЦвет оправы: черный\r\nСтрана: Италия\r\nШирина линзы: 54\r\nМост: 15\r\nДлина заушника: 140','14430','state4','Blumarine','catalogs/October2018/HmPSEXbcHb9R6Q321gKS.jpg','[\"catalogs\\/October2018\\/1PojNT80DM6lvVlPZPHD.jpg\",\"catalogs\\/October2018\\/M4W54QkWic5qbrZ2t3HQ.jpg\"]','2018-10-15 17:51:49','2018-10-15 17:51:49',NULL,NULL,NULL),(95,'Оправа медицинская Blumarine 090 с300Y','Материал оправы: металл\r\nЦвет оправы: золотой\r\nСтрана: Италия\r\nШирина линзы: 54\r\nМост: 16\r\nДлина заушника: 135','14430','state4','Blumarine','catalogs/October2018/QRXEzfwT3mgHaegI6HZI.jpg','[\"catalogs\\/October2018\\/E3G6w5gK9krFr9t5QD2R.jpg\",\"catalogs\\/October2018\\/szACRsaJ1LYGVOyID7Zu.jpg\"]','2018-10-15 17:54:12','2018-10-15 17:54:12',NULL,NULL,NULL),(96,'Оправа медицинская Blumarine 660S c0700','Материал оправы: пластик\r\nЦвет оправы: черный\r\nСтрана: Италия\r\nШирина линзы: 53\r\nМост: 15\r\nДлина заушника: 140','14430','state4','Blumarine','catalogs/October2018/02WaBrfDio3TvV2XB1jx.jpg','[\"catalogs\\/October2018\\/fWTCbzG4JUtjU9JQATF3.jpg\",\"catalogs\\/October2018\\/qVCNZYhypYGWmalPmj5h.jpg\"]','2018-10-15 17:55:22','2018-10-15 17:55:22',NULL,NULL,NULL),(97,'Оправа медицинская Blumarine 088S c0301','Материал оправы: металл\r\nЦвет оправы: золотой / черный\r\nСтрана: Италия\r\nШирина линзы: 54\r\nМост: 16\r\nДлина заушника: 140','14430','state4','Blumarine','catalogs/October2018/NfPr5d6NEhbyC82nVvs8.jpg','[\"catalogs\\/October2018\\/UcUFahMK91xu3qGez7SF.jpg\",\"catalogs\\/October2018\\/r8kkl5jTyypD9BQONNkv.jpg\"]','2018-10-15 18:02:40','2018-10-15 18:02:40',NULL,NULL,NULL),(98,'Оправа медицинская Blumarine 081S c300','Материал оправы: металл\r\nЦвет оправы: золотой\r\nСтрана: Италия\r\nШирина линзы: 54\r\nМост: 17\r\nДлина заушника: 145','14430','state4','Blumarine','catalogs/October2018/8S3ttevhs92NJ6NBjXqE.jpg','[\"catalogs\\/October2018\\/axWozAIdUL7ek1m65SHk.jpg\",\"catalogs\\/October2018\\/rEgHktfHFkRWrwbVTG85.jpg\"]','2018-10-15 18:03:52','2018-10-15 18:03:52',NULL,NULL,NULL),(99,'Оправа медицинская Blumarine 080S c0SRB','Материал оправы: металл\r\nЦвет оправы: фиолетово-пурпурный\r\nСтрана: Италия\r\nШирина линзы: 54\r\nМост: 15\r\nДлина заушника: 140','14430','state4','Blumarine','catalogs/October2018/7yzIjCL1R6GKl8OxYCan.jpg','[\"catalogs\\/October2018\\/GVyPLmKociOsvUZbNL62.jpg\",\"catalogs\\/October2018\\/xfolMyXsoKMrANK8uEmQ.jpg\"]','2018-10-15 18:04:58','2018-10-16 05:00:33',NULL,NULL,NULL),(100,'Оправа медицинская Blumarine 076S c0300','Материал оправы: металл\r\nЦвет оправы: золотой\r\nСтрана: Италия\r\nШирина линзы: 55\r\nМост: 16\r\nДлина заушника: 140','14430','state4','Blumarine','catalogs/October2018/5xnjWZxLtbQaBttrx5G6.jpg','[\"catalogs\\/October2018\\/mH3zJ8Zm6PYPeTs7uYJu.jpg\",\"catalogs\\/October2018\\/qFYwo7NcgTMBrOT4eVaB.jpg\"]','2018-10-15 18:07:01','2018-10-15 18:07:01',NULL,NULL,NULL),(101,'Оправа медицинская Blumarine 080S c0SRB','Материал оправы: металл\r\nЦвет оправы: фиолетово-пурпурный\r\nСтрана: Италия\r\nШирина линзы: 54\r\nМост: 15\r\nДлина заушника: 140','14430','state4','Blumarine','catalogs/October2018/6AwLt3YXsC7Kpwvwt7uB.jpg','[\"catalogs\\/October2018\\/6yKsKq6rzf91tp354Va4.jpg\",\"catalogs\\/October2018\\/bHUF34dT2hqAKqDhWSQr.jpg\"]','2018-10-15 18:08:04','2018-10-15 18:08:04',NULL,NULL,NULL),(102,'Оправа медицинская Blumarine 076S c0300','Материал оправы: металл\r\nЦвет оправы: золотой\r\nСтрана: Италия\r\nШирина линзы: 55\r\nМост: 16\r\nДлина заушника: 140','14430','state4','Blumarine','catalogs/October2018/U3mU8MfuZ0Jo5o19Oj74.jpg','[\"catalogs\\/October2018\\/cTweuYf8hp6a8Pjz8ZAR.jpg\",\"catalogs\\/October2018\\/QiA1C3lgDfhDdpEiBYII.jpg\"]','2018-10-15 18:10:38','2018-10-15 18:10:38',NULL,NULL,NULL),(103,'Оправа медицинская Blumarine 071S c0A85','Материал оправы: металл\r\nЦвет оправы: золотой\r\nСтрана: Италия\r\nШирина линзы: 54\r\nМост: 17\r\nДлина заушника: 140','14430','state4','Blumarine','catalogs/October2018/nDbYsVUpUWnth5onFLVP.jpg','[\"catalogs\\/October2018\\/gPPCNUHFzYFNdzehZxhJ.jpg\",\"catalogs\\/October2018\\/AJ9DtXSh7M9Z27rIt8xr.jpg\"]','2018-10-15 18:13:06','2018-10-15 18:13:06',NULL,NULL,NULL),(104,'Оправа медицинская Blumarine 064S c08F4','Материал оправы: металл\r\nЦвет оправы: бронзовый\r\nСтрана: Италия\r\nШирина линзы: 55\r\nМост: 17\r\nДлина заушника: 135','14430','state4','Blumarine','catalogs/October2018/vWV69qQj7W4vZ7xJrkkf.jpg','[\"catalogs\\/October2018\\/iFfi51obs0VR2K51HY2z.jpg\",\"catalogs\\/October2018\\/YkdxTcSiCxK9d21ywL5j.jpg\"]','2018-10-15 18:14:35','2018-10-15 18:14:35',NULL,NULL,NULL),(105,'Медицинская оправа Carolina Herrera 093 c317M','Материал оправы: металл\r\nЦвет оправы: насыщенный синий\r\nСтрана: Италия\r\nШирина линзы: 53\r\nМост: 16\r\nДлина заушника: 135','11130','state4','Carolina Herrera','catalogs/October2018/LDIhg96eHUQ220puuoLP.jpg','[\"catalogs\\/October2018\\/Pze05MYMuHReQIh4cvSs.jpg\",\"catalogs\\/October2018\\/K2VPnlDyd50NhJMiQvX8.jpg\"]','2018-10-15 18:17:56','2018-10-15 18:17:56',NULL,NULL,NULL),(106,'Медицинская оправа Carolina Herrera 721 c0G49','Материал оправы: пластик\r\nЦвет оправы: бежевый\r\nСтрана: Италия\r\nШирина линзы: 53\r\nМост: 15\r\nДлина заушника: 140','11130','state4','Carolina Herrera','catalogs/October2018/BGtMIQbUwEJAp02X9Kdn.jpg','[\"catalogs\\/October2018\\/h4wTtUXW0HRdEsZesAjL.jpg\",\"catalogs\\/October2018\\/zwlg4FM1uZUq3d3vIllz.jpg\"]','2018-10-15 18:19:23','2018-10-15 18:19:23',NULL,NULL,NULL),(107,'Медицинская оправа Carolina Herrera 094 c0F47','Материал оправы: пластик\r\nЦвет оправы: черный\r\nСтрана: Италия\r\nШирина линзы: 52\r\nМост: 17\r\nДлина заушника: 135','11130','state4','Carolina Herrera','catalogs/October2018/kYjiDnQgf9BXTk6hyOS8.jpg','[\"catalogs\\/October2018\\/4PGhfDE0NVBzzUtfF6bC.jpg\",\"catalogs\\/October2018\\/O8bXPhUQJSSSwbRCmZEA.jpg\"]','2018-10-15 18:20:23','2018-10-15 18:20:23',NULL,NULL,NULL),(108,'Медицинская оправа Carolina Herrera 093 c0301','Материал оправы: металл\r\nЦвет оправы: черный\r\nСтрана: Италия\r\nШирина линзы: 53\r\nМост: 16\r\nДлина заушника: 135','11130','state4','Carolina Herrera','catalogs/October2018/pWOakDidMyBypS37YA8e.jpg','[\"catalogs\\/October2018\\/Us18pa5GrjPXhziGD86f.jpg\",\"catalogs\\/October2018\\/wELmddR51Z00D961ietZ.jpg\"]','2018-10-15 18:22:24','2018-10-15 18:22:24',NULL,NULL,NULL),(109,'Медицинская оправа Carolina Herrera 098 c0VA6','Материал оправы: металл\r\nЦвет оправы: черный\r\nСтрана: Италия\r\nШирина линзы: 52\r\nМост: 16\r\nДлина заушника: 140','11130','state4','Carolina Herrera','catalogs/October2018/ATuzMdMGdmmN6vJirZIi.jpg','[\"catalogs\\/October2018\\/vrqZNkiqfjnfxFL4qLIN.jpg\",\"catalogs\\/October2018\\/i1UvZycVxx6bq0lOxq83.jpg\"]','2018-10-15 18:23:34','2018-10-15 18:23:34',NULL,NULL,NULL),(110,'Медицинская оправа Carolina Herrera 723 c0B42','Материал оправы: пластик\r\nЦвет оправы: насыщенный красный\r\nСтрана: Италия\r\nШирина линзы: 53\r\nМост: 15\r\nДлина заушника: 140','11130','state4','Carolina Herrera','catalogs/October2018/CQh033er2ykMwc4EIyq3.jpg','[\"catalogs\\/October2018\\/g6pYPhyba1P5wKM0xfZB.jpg\",\"catalogs\\/October2018\\/qgwDJPJLsPwAQ4h421ua.jpg\"]','2018-10-15 18:24:39','2018-10-15 18:24:39',NULL,NULL,NULL),(111,'Медицинская оправа Carolina Herrera 676 c0722','Материал оправы: пластик\r\nЦвет оправы: коричневый\r\nСтрана: Италия\r\nШирина линзы: 51\r\nМост: 16\r\nДлина заушника: 140','11130','state4','Carolina Herrera','catalogs/October2018/Z6zFnTilAYp7eHfJVWOK.jpg','[\"catalogs\\/October2018\\/tWQCHzU0i0uWuolZnlVE.jpg\",\"catalogs\\/October2018\\/WsWdG7JuAHvO5y3VyO1q.jpg\"]','2018-10-15 18:25:44','2018-10-15 18:25:44',NULL,NULL,NULL),(112,'Медицинская оправа Carolina Herrera 675 c06XD','Материал оправы: пластик\r\nЦвет оправы: фиолетовый\r\nСтрана: Италия\r\nШирина линзы: 50\r\nМост: 19\r\nДлина заушника: 140','11130','state4','Carolina Herrera','catalogs/October2018/YGJCfNQluSBkXe8vYHGy.jpg','[\"catalogs\\/October2018\\/Z1UZrad0C4dVTaOIqGy0.jpg\",\"catalogs\\/October2018\\/ExrTnXtFXcjMZtcXKVZY.jpg\"]','2018-10-15 18:26:45','2018-10-15 18:26:45',NULL,NULL,NULL),(113,'Медицинская оправа Carolina Herrera 078 c0300','Материал оправы: металл\r\nЦвет оправы: золотой\r\nСтрана: Италия\r\nШирина линзы: 53\r\nМост: 17\r\nДлина заушника: 140','11130','state4','Carolina Herrera','catalogs/October2018/q2yHTbwnnjATcb5Xp1xO.jpg','[\"catalogs\\/October2018\\/MITbMPQroCTpNYVTTWEh.jpg\",\"catalogs\\/October2018\\/s9ENVWBlBWvQCWTmTBhg.jpg\"]','2018-10-15 18:28:00','2018-10-15 18:28:00',NULL,NULL,NULL),(114,'Медицинская оправа Carolina Herrera 077 c0583','Материал оправы: металл\r\nЦвет оправы: черный\r\nСтрана: Италия\r\nШирина линзы: 54\r\nМост: 17\r\nДлина заушника: 140','11130','state4','Carolina Herrera','catalogs/October2018/B12HeBZslgTNrSmrGY8d.jpg','[\"catalogs\\/October2018\\/t4OGtwS5Pjpsp6pynTOR.jpg\",\"catalogs\\/October2018\\/KAuQSRsmqNMM3eBpLs4l.jpg\"]','2018-10-15 18:30:46','2018-10-15 18:30:46',NULL,NULL,NULL),(115,'Медицинская оправа Carolina Herrera 083 c0K28','Материал оправы: металл\r\nЦвет оправы: коралловый\r\nСтрана: Италия\r\nШирина линзы: 54\r\nМост: 16\r\nДлина заушника: 140','11130','state4','Carolina Herrera','catalogs/October2018/ND2vqeCqqbuqNj1Ulh1P.jpg','[\"catalogs\\/October2018\\/aB8NBMJGjcOCInfstJzY.jpg\",\"catalogs\\/October2018\\/QXY5baEaJikSOxanGlm0.jpg\"]','2018-10-15 18:32:43','2018-10-15 18:32:43',NULL,NULL,NULL),(116,'Медицинская оправа Carolina Herrera 076 c0522','Материал оправы: металл\r\nЦвет оправы: темный красный\r\nСтрана: Италия\r\nШирина линзы: 51\r\nМост: 16\r\nДлина заушника: 140','11130','state4','Carolina Herrera','catalogs/October2018/aoZ7H1N28tKFDfZk2Yyj.jpg','[\"catalogs\\/October2018\\/7hAVIHdA6bp3MBpfUldi.jpg\",\"catalogs\\/October2018\\/qvEYlCatxt7pgSHUFSe0.jpg\"]','2018-10-15 18:34:00','2018-10-15 18:34:00',NULL,NULL,NULL),(117,'Медицинская оправа Carolina Herrera 080 c0522','Материал оправы: металл\r\nЦвет оправы: коричневый\r\nСтрана: Италия\r\nШирина линзы: 54\r\nМост: 18\r\nДлина заушника: 140','11130','state4','Carolina Herrera','catalogs/October2018/55YsUF2JFObxtHLAt4vS.jpg','[\"catalogs\\/October2018\\/me1FaAZa4z6s09loT5nM.jpg\",\"catalogs\\/October2018\\/FOLnLmsUuCbLwJWaDJyM.jpg\"]','2018-10-15 18:35:23','2018-10-15 18:35:23',NULL,NULL,NULL),(118,'Медицинская оправа Carolina Herrera 677 с0700','Материал оправы: пластик\r\nЦвет оправы: черный\r\nСтрана: Италия\r\nШирина линзы: 53\r\nМост: 16\r\nДлина заушника: 140','11130','state4','Carolina Herrera','catalogs/October2018/ZBciGbFTDdq7r6BoDB5x.jpg','[\"catalogs\\/October2018\\/9HxIuRNCWObQB3tngSpy.jpg\",\"catalogs\\/October2018\\/qty5YaBx6JcGejIssAl7.jpg\"]','2018-10-15 18:36:34','2018-10-15 18:36:34',NULL,NULL,NULL),(119,'Медицинская оправа Carolina Herrera 670 c0903','Материал оправы: пластик\r\nЦвет оправы: фиолетовый\r\nСтрана: Италия\r\nШирина линзы: 53\r\nМост: 16\r\nДлина заушника: 140','11130','state4','Carolina Herrera','catalogs/October2018/uZmFRVnB6SBhRMC0tr4L.jpg','[\"catalogs\\/October2018\\/wxvSHvjsBq1IUXIPSaPl.jpg\",\"catalogs\\/October2018\\/ir2lLyieAVnTYxEbUnrq.jpg\"]','2018-10-15 18:37:37','2018-10-16 00:22:55',NULL,NULL,NULL),(120,'Медицинская оправа Furla 095 c06Q9','Материал оправы: пластик\r\nЦвет оправы: прозрачный\r\nСтрана: Италия\r\nШирина линзы: 49\r\nМост: 18\r\nДлина заушника: 140','11390','state4','Furla','catalogs/October2018/ysPgSzoxXF3Sn9ojljGl.jpg','[\"catalogs\\/October2018\\/terEcP7G41VDWyqaz9is.jpg\",\"catalogs\\/October2018\\/84eYMuiWAicuHm4bdhN9.jpg\"]','2018-10-16 01:42:57','2018-10-16 01:42:57',NULL,NULL,NULL),(121,'Медицинская оправа Furla 093 c0P80','Материал оправы: пластик\r\nЦвет оправы: глубокий серый\r\nСтрана: Италия\r\nШирина линзы: 53\r\nМост: 16\r\nДлина заушника: 140','11390','state4','Furla','catalogs/October2018/p93tmsr2XPBCUF5Wc2f2.jpg','[\"catalogs\\/October2018\\/CTRkKsr3EtzxEWmzjXzx.jpg\",\"catalogs\\/October2018\\/FJ6yoEUjSWlpSs8T5Cm1.jpg\"]','2018-10-16 01:44:07','2018-10-16 01:44:07',NULL,NULL,NULL),(122,'Медицинская оправа Furla 092S c08GL','Материал оправы: металл\r\nЦвет оправы: насыщенный красный\r\nСтрана: Италия\r\nШирина линзы: 53\r\nМост: 15\r\nДлина заушника: 135','11390','state4','Furla','catalogs/October2018/sGfRYwAOAyO91SjgBuTS.jpg','[\"catalogs\\/October2018\\/JlJzLMABhUozK6ueXlrM.jpg\",\"catalogs\\/October2018\\/zstvQEDdfhYiZRv0Ld1C.jpg\"]','2018-10-16 01:45:19','2018-10-16 01:45:19',NULL,NULL,NULL),(123,'Медицинская оправа Furla 079 c0E60','Материал оправы: металл\r\nЦвет оправы: кофейный\r\nСтрана: Италия\r\nШирина линзы: 54\r\nМост: 16\r\nДлина заушника: 135','11390','state4','Furla','catalogs/October2018/B5snTJKbegkl1MbjVVG4.jpg','[\"catalogs\\/October2018\\/uSYwlFUWElafndOoqkrh.jpg\",\"catalogs\\/October2018\\/ESvIT8S73w9E4AkG6VgL.jpg\"]','2018-10-16 01:46:37','2018-10-16 01:46:37',NULL,NULL,NULL),(124,'Медицинская оправа Furla 4995 c0700','Материал оправы: пластик\r\nЦвет оправы: черный\r\nСтрана: Италия\r\nШирина линзы: 53\r\nМост: 15\r\nДлина заушника: 140','11390','state4','Furla','catalogs/October2018/byviJTB3SMcbzbVDSYOG.jpg','[\"catalogs\\/October2018\\/zrLm2bX0OwtMhPdCIHLZ.jpg\",\"catalogs\\/October2018\\/6oD5xo1qpaVs2cFdGtTr.jpg\"]','2018-10-16 01:47:53','2018-10-16 01:47:53',NULL,NULL,NULL),(125,'Медицинская оправа Furla 087 c0304','Материал оправы: металл\r\nЦвет оправы: золотой / черный\r\nСтрана: Италия\r\nШирина линзы: 54\r\nМост: 16\r\nДлина заушника: 135','11390','state4','Furla','catalogs/October2018/GuljrPNhKcoE6wWprC1y.jpg','[\"catalogs\\/October2018\\/8tAW0kuSor14x0LbUe7G.jpg\",\"catalogs\\/October2018\\/k24kvZmT2wCSXLvBRfnC.jpg\"]','2018-10-16 01:49:45','2018-10-16 01:49:45',NULL,NULL,NULL),(126,'Медицинская оправа Furla 091S c0T31','Материал оправы: пластик\r\nЦвет оправы: насыщенный синий\r\nСтрана: Италия\r\nШирина линзы: 53\r\nМост: 15\r\nДлина заушника: 140','11390','state4','Furla','catalogs/October2018/arvjMVp3tvj4po0QAorM.jpg','[\"catalogs\\/October2018\\/0ECNomfa1VEJli7sEXj3.jpg\",\"catalogs\\/October2018\\/qmRsQKwdeCBrB7UkfdEN.jpg\"]','2018-10-16 01:50:56','2018-10-16 01:50:56',NULL,NULL,NULL),(127,'Медицинская оправа Furla 4352 c0579','Материал оправы: металл\r\nЦвет оправы: золотой\r\nСтрана: Италия\r\nШирина линзы: 55\r\nМост: 18\r\nДлина заушника: 140','11390','state4','Furla','catalogs/October2018/wgPSWnvOXcytloUJAQyG.jpg','[\"catalogs\\/October2018\\/6t5CPMsn4WZCKd7mIQ3C.jpg\",\"catalogs\\/October2018\\/hzGkPEUR0Pd9y6rsmmW9.jpg\"]','2018-10-16 01:52:00','2018-10-16 01:52:00',NULL,NULL,NULL),(128,'Медицинская оправа Furla 4349 c0E60','Материал оправы: металл\r\nЦвет оправы: красное вино\r\nСтрана: Италия\r\nШирина линзы: 55\r\nМост: 14\r\nДлина заушника: 140','11390','state4','Furla','catalogs/October2018/varAipQwCrWidxPHsyt0.jpg','[\"catalogs\\/October2018\\/nScVcnhFKFa2lETZY4TY.jpg\",\"catalogs\\/October2018\\/bs2GOZsfh7WmrOrTdsBg.jpg\"]','2018-10-16 01:53:06','2018-10-16 01:53:06',NULL,NULL,NULL),(129,'Медицинская оправа Furla 4977 c70Y','Материал оправы: пластик\r\nЦвет оправы: черный\r\nСтрана: Италия\r\nШирина линзы: 53\r\nМост: 16\r\nДлина заушника: 140','11390','state4','Furla','catalogs/October2018/9j21FlLoQqXCRs4mSXV4.jpg','[\"catalogs\\/October2018\\/kM9Pq7vXf693Sj8X4MrH.jpg\",\"catalogs\\/October2018\\/4fhJPHpSvZHsjqBoQ3w8.jpg\"]','2018-10-16 01:54:22','2018-10-16 01:54:22',NULL,NULL,NULL),(130,'Медицинская оправа Furla 4949SN c0N18','Материал оправы: пластик\r\nЦвет оправы: коричневый\r\nСтрана: Италия\r\nШирина линзы: 54\r\nМост: 15\r\nДлина заушника: 140','11390','state4','Furla','catalogs/October2018/nLnqPXo849Ksy0SXP4dT.jpg','[\"catalogs\\/October2018\\/HcVBISGbX890mCQaTJeK.jpg\",\"catalogs\\/October2018\\/uylt6Mda44sa3ArxcYp2.jpg\"]','2018-10-16 01:55:39','2018-10-16 01:55:39',NULL,NULL,NULL),(131,'Медицинская оправа Furla 003 c09LM','Материал оправы: пластик\r\nЦвет оправы: черный\r\nСтрана: Италия\r\nШирина линзы: 54\r\nМост: 15\r\nДлина заушника: 135','11390','state4','Furla','catalogs/October2018/jLHujX6pQqiJjKWYs7Jf.jpg','[\"catalogs\\/October2018\\/fQv32CGrr7SHk2ZbFrW0.jpg\",\"catalogs\\/October2018\\/GLWVozcjsJ6O3mkk9gUv.jpg\"]','2018-10-16 01:56:52','2018-10-16 01:56:52',NULL,NULL,NULL),(132,'Медицинская оправа Furla 4349 c0N54','Материал оправы: металл\r\nЦвет оправы: коралловый\r\nСтрана: Италия\r\nШирина линзы: 55\r\nМост: 14\r\nДлина заушника: 140','11390','state4','Furla','catalogs/October2018/RijduRsaTckKKtvUYTYF.jpg','[\"catalogs\\/October2018\\/ADl5k0pDHyuqdr83QhX4.jpg\",\"catalogs\\/October2018\\/HYQLXP0aDJvEnxdpovUL.jpg\"]','2018-10-16 01:57:59','2018-10-16 01:57:59',NULL,NULL,NULL),(133,'Медицинская оправа Furla 4947S c04G5','Материал оправы: пластик\r\nЦвет оправы: черный\r\nСтрана: Италия\r\nШирина линзы: 53\r\nМост: 15\r\nДлина заушника: 140','11390','state4','Furla','catalogs/October2018/rYdxRLfxrxpJnweH49Qx.jpg','[\"catalogs\\/October2018\\/dNp8NhVbMQ75EQe1q3OI.jpg\",\"catalogs\\/October2018\\/1gvXwXYLEFW3jzdsGMgh.jpg\"]','2018-10-16 01:59:04','2018-10-16 01:59:04',NULL,NULL,NULL),(134,'Медицинская оправа Furla 4331S c08MD','Материал оправы: металл\r\nЦвет оправы: золотой\r\nСтрана: Италия\r\nШирина линзы: 52\r\nМост: 15\r\nДлина заушника: 140','11390','state4','Furla','catalogs/October2018/OLYuSh7KiIsSJ1Ao0Sdl.jpg','[\"catalogs\\/October2018\\/SRiO93xQlmGdJCoERpSt.jpg\",\"catalogs\\/October2018\\/PTwy4oiUPCETnFsuFR15.jpg\"]','2018-10-16 02:00:11','2018-10-16 02:00:11',NULL,NULL,NULL),(135,'Медицинская оправа Furla 4352 c08FE','Материал оправы: металл\r\nЦвет оправы: золотой\r\nСтрана: Италия\r\nШирина линзы: 55\r\nМост: 18\r\nДлина заушника: 140','11390','state4','Furla','catalogs/October2018/Bf2nqO47PyJbp4hdfdvQ.jpg','[\"catalogs\\/October2018\\/O6Esf5Rmz02bo64TrM2w.jpg\",\"catalogs\\/October2018\\/SoItnae69lAxD5KcZq7C.jpg\"]','2018-10-16 02:01:20','2018-10-16 02:01:20',NULL,NULL,NULL),(136,'Медицинская оправа Lanvin 567S c0P99','Материал оправы: пластик\r\nЦвет оправы: пурпурный\r\nСтрана: Италия\r\nШирина линзы: 53\r\nМост: 17\r\nДлина заушника: 140',NULL,'state4','Lanvin','catalogs/October2018/SId584fwoa3ORBFTtvQw.jpg','[\"catalogs\\/October2018\\/XxOlxQIprRekOnVKjF4z.jpg\",\"catalogs\\/October2018\\/Zk0BWeUTnUDnZmi4ZGpJ.jpg\"]','2018-10-16 02:03:49','2018-10-16 02:04:15',NULL,NULL,NULL),(137,'Медицинская оправа Lanvin 039 c0F47','Материал оправы: металл\r\nЦвет оправы: золотой\r\nСтрана: Италия\r\nШирина линзы: 53\r\nМост: 17\r\nДлина заушника: 140',NULL,'state4','Lanvin','catalogs/October2018/Ldur8Sr15OjaIV8MXOCv.jpg','[\"catalogs\\/October2018\\/dAnjSisETysI4nPPqje0.jpg\",\"catalogs\\/October2018\\/2XsbNvFPDF3Bo2n1NaIE.jpg\"]','2018-10-16 02:04:51','2018-10-16 02:04:51',NULL,NULL,NULL),(138,'Медицинская оправа Lanvin 034S c0349','Материал оправы: металл\r\nЦвет оправы: золотой\r\nСтрана: Италия\r\nШирина линзы: 53\r\nМост: 17\r\nДлина заушника: 140',NULL,'state4','Lanvin','catalogs/October2018/LPV87lJN2Fdv28B0k45A.jpg','[\"catalogs\\/October2018\\/bJ89X1BhLrfHFwkByJie.jpg\",\"catalogs\\/October2018\\/9wwEU4IWqR1UdzwuEjI4.jpg\"]','2018-10-16 02:06:00','2018-10-16 02:06:00',NULL,NULL,NULL),(139,'Медицинская оправа Lanvin 573 c700X','Материал оправы: металл\r\nЦвет оправы: золотой\r\nСтрана: Италия\r\nШирина линзы: 49\r\nМост: 20\r\nДлина заушника: 145',NULL,'state4','Lanvin','catalogs/October2018/FQ1VMECUCZMVQvCLxpH8.jpg','[\"catalogs\\/October2018\\/txTVEQ1PCvkaqVV0FoER.jpg\",\"catalogs\\/October2018\\/GUJfi6qkcqaCz4Fbzb4Y.jpg\"]','2018-10-16 02:07:04','2018-10-16 02:07:04',NULL,NULL,NULL),(140,'Медицинская оправа Lanvin 009 c0383','Материал оправы: металл\r\nЦвет оправы: золотой\r\nСтрана: Италия\r\nШирина линзы: 55\r\nМост: 18\r\nДлина заушника: 135',NULL,'state4','Lanvin','catalogs/October2018/IL1NRrg5Ko6eD9jcEQ2u.jpg','[\"catalogs\\/October2018\\/dyXgjIhPrMyDwGQuQ9L8.jpg\",\"catalogs\\/October2018\\/heVpZy4watfZCWzozvBm.jpg\"]','2018-10-16 02:07:59','2018-10-16 02:07:59',NULL,NULL,NULL),(141,'Медицинская оправа Lanvin 531 c0ALH','Материал оправы: пластик\r\nЦвет оправы: кофейный\r\nСтрана: Италия\r\nШирина линзы: 49\r\nМост: 20\r\nДлина заушника: 140',NULL,'state4','Lanvin','catalogs/October2018/WWfXliZvfL8jkRzl7QSP.jpg','[\"catalogs\\/October2018\\/JhEw1jIbcXGlLEJ5Bl7J.jpg\",\"catalogs\\/October2018\\/AqEzauhbYVteRoUmn8CB.jpg\"]','2018-10-16 02:09:05','2018-10-16 02:09:05',NULL,NULL,NULL),(142,'Медицинская оправа Lanvin 009 с0SMQ','Материал оправы: металл\r\nЦвет оправы: бронзовый\r\nСтрана: Италия\r\nШирина линзы: 55\r\nМост: 18\r\nДлина заушника: 135',NULL,'state4','Lanvin','catalogs/October2018/eXiLQr5ocK2LYrgyhHeF.jpg','[\"catalogs\\/October2018\\/mLfZhlOsGnDwKwyGNHoG.jpg\",\"catalogs\\/October2018\\/gAUW2sRIC1b6ZBpmC8M9.jpg\"]','2018-10-16 02:10:03','2018-10-16 02:10:03',NULL,NULL,NULL),(143,'Медицинская оправа Lanvin 031 c0A85','Материал оправы: металл\r\nЦвет оправы: золотой\r\nСтрана: Италия\r\nШирина линзы: 55\r\nМост: 15\r\nДлина заушника: 135',NULL,'state4','Lanvin','catalogs/October2018/abCxz8LJr1S7aGmz8o8o.jpg','[\"catalogs\\/October2018\\/WGez8gO2bfunwRyZCckZ.jpg\",\"catalogs\\/October2018\\/wT64sFvYcCt8DLDetJmv.jpg\"]','2018-10-16 02:10:58','2018-10-16 02:10:58',NULL,NULL,NULL),(144,'Медицинская оправа Lanvin 520 c0700','Материал оправы: пластик\r\nЦвет оправы: черный\r\nСтрана: Италия\r\nШирина линзы: 49\r\nМост: 19\r\nДлина заушника: 140',NULL,'state4','Lanvin','catalogs/October2018/mmXrFtHya6YLw8EAveCC.jpg','[\"catalogs\\/October2018\\/UYQVhiybldp5Hn00rNLg.jpg\",\"catalogs\\/October2018\\/rApxjnpYNsMH3s0Opz3C.jpg\"]','2018-10-16 02:12:11','2018-10-16 02:12:11',NULL,NULL,NULL),(145,'Медицинская оправа Lanvin 637 c0840','Материал оправы: пластик\r\nЦвет оправы: жемчужно-серый\r\nСтрана: Италия\r\nШирина линзы: 54\r\nМост: 16\r\nДлина заушника: 140',NULL,'state4','Lanvin','catalogs/October2018/D0tNy7VivQ2Mck1Uw9te.jpg','[\"catalogs\\/October2018\\/vhJ2RpmgUKMT4LcKLMlc.jpg\",\"catalogs\\/October2018\\/jVcpj42oPuzRYb11sW1b.jpg\"]','2018-10-16 02:13:13','2018-10-16 02:13:13',NULL,NULL,NULL),(146,'Медицинская оправа Lanvin 520 c0W40','Материал оправы: пластик\r\nЦвет оправы: черный\r\nСтрана: Италия\r\nШирина линзы: 49\r\nМост: 19\r\nДлина заушника: 140',NULL,'state4','Lanvin','catalogs/October2018/7Cyxjp0ILV0vOI1ZlzZD.jpg','[\"catalogs\\/October2018\\/lv6G4ZoFsYrLalXtpyRX.jpg\",\"catalogs\\/October2018\\/CtAiVoIY4k1AHKR0ft2A.jpg\"]','2018-10-16 02:14:16','2018-10-16 02:14:16',NULL,NULL,NULL),(147,'Медицинская оправа Lanvin 033 c05A1','Материал оправы: металл\r\nЦвет оправы: бронзовый\r\nСтрана: Италия\r\nШирина линзы: 54\r\nМост: 18\r\nДлина заушника: 140',NULL,'state4','Lanvin','catalogs/October2018/1wYnlGzBr64u8tj9t2NQ.jpg','[\"catalogs\\/October2018\\/OmDcTpADJhuOBXkgcAra.jpg\",\"catalogs\\/October2018\\/RYl09ecAzlK44hrimhGs.jpg\"]','2018-10-16 02:15:06','2018-10-16 02:15:06',NULL,NULL,NULL),(148,'Медицинская оправа Lanvin 568S c700X','Материал оправы: пластик\r\nЦвет оправы: черный\r\nСтрана: Италия\r\nШирина линзы: 53\r\nМост: 17\r\nДлина заушника: 140',NULL,'state4','Lanvin','catalogs/October2018/pLhtVCWut1CAnHtVAOdu.jpg','[\"catalogs\\/October2018\\/6jrXl6QeFXdh0t6cKAzO.jpg\",\"catalogs\\/October2018\\/SmTvCnperVT4GuNX1CUJ.jpg\"]','2018-10-16 02:16:04','2018-10-16 02:16:04',NULL,NULL,NULL),(149,'Медицинская оправа Lanvin 567S c0700','Материал оправы: пластик\r\nЦвет оправы: черный\r\nСтрана: Италия\r\nШирина линзы: 53\r\nМост: 17\r\nДлина заушника: 140',NULL,'state4','Lanvin','catalogs/October2018/vwNqd3QrZGkTx3LTaTPl.jpg','[\"catalogs\\/October2018\\/RL6v61KP8I50zBNDUNNC.jpg\",\"catalogs\\/October2018\\/ayAbuwYJbZ9TW6zl73C0.jpg\"]','2018-10-16 02:17:53','2018-10-16 02:17:53',NULL,NULL,NULL),(150,'Медицинская оправа Lanvin 577 c0700','Материал оправы: пластик\r\nЦвет оправы: черный\r\nСтрана: Италия\r\nШирина линзы: 54\r\nМост: 15\r\nДлина заушника: 140',NULL,'state4','Lanvin','catalogs/October2018/Bu0eZdGegieElM2Kz9Mv.jpg','[\"catalogs\\/October2018\\/dOIHjGVTwwjmc7tgySVF.jpg\",\"catalogs\\/October2018\\/N1owl7DVGp6fGxdJC1ap.jpg\"]','2018-10-16 02:18:41','2018-10-16 05:02:34',NULL,NULL,NULL),(151,'Медицинская оправа Lanvin 526 c0W40','Материал оправы: пластик\r\nЦвет оправы: черный\r\nСтрана: Италия\r\nШирина линзы: 55\r\nМост: 14\r\nДлина заушника: 140',NULL,'state4','Lanvin','catalogs/October2018/uncVia7QiZAawHSJJhBo.jpg','[\"catalogs\\/October2018\\/hA6vUbeJtmI1K5zAUW0e.jpg\",\"catalogs\\/October2018\\/TpXPDzhAJAijsB4XLccF.jpg\"]','2018-10-16 02:19:45','2018-10-16 02:19:45',NULL,NULL,NULL),(152,'Медицинская оправа Lanvin 574 c0700','Материал оправы: пластик\r\nЦвет оправы: черный\r\nСтрана: Италия\r\nШирина линзы: 51\r\nМост: 19\r\nДлина заушника: 145',NULL,'state4','Lanvin','catalogs/October2018/8Cbd9CeyJsJ93FacCp82.jpg','[\"catalogs\\/October2018\\/j1mNNnFeaDZ3fnTWjNSB.jpg\",\"catalogs\\/October2018\\/HZGHqrOi1xGYX5Yue0yx.jpg\"]','2018-10-16 02:20:50','2018-10-16 02:20:50',NULL,NULL,NULL),(153,'Медицинская оправа Lanvin 032 c0548','Материал оправы: металл\r\nЦвет оправы: стальной\r\nСтрана: Италия\r\nШирина линзы: 55\r\nМост: 15\r\nДлина заушника: 140',NULL,'state4','Lanvin','catalogs/October2018/bJfDVbxFVLRnrvxOwr8l.jpg','[\"catalogs\\/October2018\\/YKvRqPHuF1CiWiGzhLIu.jpg\",\"catalogs\\/October2018\\/EKaFAscQd8L3AYADLL8Y.jpg\"]','2018-10-16 02:21:56','2018-10-16 02:21:56',NULL,NULL,NULL),(154,'Медицинская оправа Escada 303 c0AGE','Материал оправы: пластик\r\nЦвет оправы: сиреневый\r\nСтрана: Италия\r\nШирина линзы: 53\r\nМост: 17\r\nДлина заушника: 135',NULL,'state4','Escada','catalogs/October2018/OLxjSWlOm8inrDh04Bm3.jpg','[\"catalogs\\/October2018\\/OQnrxD42IifKGJFeMcNp.jpg\",\"catalogs\\/October2018\\/mdLO03MbpTpuuV2zy7RF.jpg\"]','2018-10-16 02:25:03','2018-10-16 02:25:03',NULL,NULL,NULL),(155,'Медицинская оправа Escada 338 c0700','Материал оправы: пластик\r\nЦвет оправы: черный\r\nСтрана: Италия\r\nШирина линзы: 54\r\nМост: 15\r\nДлина заушника: 140',NULL,'state4','Escada','catalogs/October2018/dTPARaq07FdxMWaKGe2B.jpg','[\"catalogs\\/October2018\\/WJcJfPv8rV0HFW4dsl76.jpg\",\"catalogs\\/October2018\\/xcv1zeVYN9efWcmW3HDU.jpg\"]','2018-10-16 02:25:55','2018-10-16 02:25:55',NULL,NULL,NULL),(156,'Медицинская оправа Escada 826 c08PW','Материал оправы: металл\r\nЦвет оправы: золотой\r\nСтрана: Италия\r\nШирина линзы: 54\r\nМост: 14\r\nДлина заушника: 145',NULL,'state4','Escada','catalogs/October2018/RTQDL7EkmZ46k6FLXqLL.jpg','[\"catalogs\\/October2018\\/qYS2hAlu0LIpFhTd0yU3.jpg\",\"catalogs\\/October2018\\/9OZ4JPDntNLbCzhPSVuq.jpg\"]','2018-10-16 02:26:42','2018-10-16 02:26:42',NULL,NULL,NULL),(157,'Медицинская оправа Escada 822 c08AD','Материал оправы: металл\r\nЦвет оправы: золотой\r\nСтрана: Италия\r\nШирина линзы: 55\r\nМост: 15\r\nДлина заушника: 135',NULL,'state4','Escada','catalogs/October2018/Srxu449tkw1SlnmAQW4y.jpg','[\"catalogs\\/October2018\\/KLKQJmjUF4ovqmVgP6fI.jpg\",\"catalogs\\/October2018\\/nDizuUBa4RdVZWOAF45N.jpg\"]','2018-10-16 02:27:30','2018-10-16 02:27:30',NULL,NULL,NULL),(158,'Медицинская оправа Escada 766 c08QA','Материал оправы: металл\r\nЦвет оправы: розовый\r\nСтрана: Италия\r\nШирина линзы: 53\r\nМост: 17\r\nДлина заушника: 135',NULL,'state4','Escada','catalogs/October2018/nLPML69RCBiOczD3QTlK.jpg','[\"catalogs\\/October2018\\/OTiFnsyPFDMtLSCBm2K9.jpg\",\"catalogs\\/October2018\\/VQG8f7pu2rDW7nmNUP2m.jpg\"]','2018-10-16 02:28:38','2018-10-16 02:28:38',NULL,NULL,NULL),(159,'Медицинская оправа Escada 844 c0A40','Материал оправы: металл\r\nЦвет оправы: золотой\r\nСтрана: Италия\r\nШирина линзы: 54\r\nМост: 16\r\nДлина заушника: 135',NULL,'state4','Escada','catalogs/October2018/vLQ3lqPg78a8EtKQncBh.jpg','[\"catalogs\\/October2018\\/uTeIUO7fFYhYNtg8yVr2.jpg\",\"catalogs\\/October2018\\/wFZf0fvgOKaYp82cjprH.jpg\"]','2018-10-16 02:29:58','2018-10-16 02:29:58',NULL,NULL,NULL),(160,'Медицинская оправа Escada 822 c0648','Материал оправы: металл\r\nЦвет оправы: золотой\r\nСтрана: Италия\r\nШирина линзы: 55\r\nМост: 15\r\nДлина заушника: 135',NULL,'state4','Escada','catalogs/October2018/ODWKNXZhIlh5j0xMSxXo.jpg','[\"catalogs\\/October2018\\/2N45ulCcuoZDDUWhTMdk.jpg\",\"catalogs\\/October2018\\/2gdNTsFGq3rQhu1jOYfM.jpg\"]','2018-10-16 02:30:56','2018-10-16 02:30:56',NULL,NULL,NULL),(161,'Медицинская оправа Escada 819 c0A39','Материал оправы: металл\r\nЦвет оправы: золотой\r\nСтрана: Италия\r\nШирина линзы: 55\r\nМост: 18\r\nДлина заушника: 135',NULL,'state4','Escada','catalogs/October2018/OCjP9AIuACWfQLJtQ320.jpg','[\"catalogs\\/October2018\\/ZFYcJkFMH25ZPjTpHnh8.jpg\",\"catalogs\\/October2018\\/INNu6XsTncl2ZbGhSMWs.jpg\"]','2018-10-16 02:31:42','2018-10-16 02:31:42',NULL,NULL,NULL),(162,'Медицинская оправа Escada 336 c02G8','Материал оправы: пластик\r\nЦвет оправы: коралловый\r\nСтрана: Италия\r\nШирина линзы: 54\r\nМост: 15\r\nДлина заушника: 140',NULL,'state4','Escada','catalogs/October2018/owSicwZMFQnApsjo5z98.jpg','[\"catalogs\\/October2018\\/wkUtoBBLDz0MDardtf9a.jpg\",\"catalogs\\/October2018\\/jTBSyVcPGpnvrIV9VTaf.jpg\"]','2018-10-16 02:32:34','2018-10-16 02:32:34',NULL,NULL,NULL),(163,'Медицинская оправа Escada 296 c0700','Материал оправы: пластик\r\nЦвет оправы: черный\r\nСтрана: Италия\r\nШирина линзы: 53\r\nМост: 16\r\nДлина заушника: 140',NULL,'state4','Escada','catalogs/October2018/zyLBv7D660JmSjrwN48g.jpg','[\"catalogs\\/October2018\\/hoLIav7lcizNMUfAaI2T.jpg\",\"catalogs\\/October2018\\/wRXRk3paebGeFrvQ2TI2.jpg\"]','2018-10-16 03:02:58','2018-10-16 03:02:58',NULL,NULL,NULL),(164,'Медицинская оправа Escada 259 c0700','Материал оправы: пластик\r\nЦвет оправы: черный\r\nСтрана: Италия\r\nШирина линзы: 54\r\nМост: 13\r\nДлина заушника: 140',NULL,'state4','Escada','catalogs/October2018/bqUoswKCRqZfnZRukFxF.jpg','[\"catalogs\\/October2018\\/nRjyGJZmZRXBbOvUB0pF.jpg\",\"catalogs\\/October2018\\/fiaZsiSTroi3zlpzYkhm.jpg\"]','2018-10-16 03:03:54','2018-10-16 03:03:54',NULL,NULL,NULL),(165,'Медицинская оправа Escada 297 с0700','Материал оправы: пластик\r\nЦвет оправы: черный\r\nСтрана: Италия\r\nШирина линзы: 54\r\nМост: 16\r\nДлина заушника: 140',NULL,'state4','Escada','catalogs/October2018/hFaatCR82RRpLiptmA4h.jpg','[\"catalogs\\/October2018\\/9IIzvsPUPA6KBqjzAx1f.jpg\",\"catalogs\\/October2018\\/BMsbKyRxJIZKWz5hdbqy.jpg\"]','2018-10-16 03:04:52','2018-10-16 03:04:52',NULL,NULL,NULL),(166,'Медицинская оправа Escada 303 c09T8','Материал оправы: пластик\r\nЦвет оправы: серый\r\nСтрана: Италия\r\nШирина линзы: 53\r\nМост: 17\r\nДлина заушника: 135',NULL,'state4','Escada','catalogs/October2018/OU9UPGsb7aHVxb7ERZ6L.jpg','[\"catalogs\\/October2018\\/dfRFOBasJanjDAVYkYSQ.jpg\",\"catalogs\\/October2018\\/YkMyFsPd7PT3BpIGgrfV.jpg\"]','2018-10-16 03:06:00','2018-10-16 03:06:00',NULL,NULL,NULL),(167,'Оправа медицинская Nicoleta Buchi 538 с03',NULL,'5250','state4','Nicoleta Buchi','catalogs/October2018/l8g0IEaABJHfRQp77SeF.jpeg','[\"catalogs\\/October2018\\/r1cSB3ErtPfkQax7pPJi.jpeg\"]','2018-10-16 03:07:20','2018-10-16 03:07:20',NULL,NULL,NULL),(168,'Оправа медицинская Nicoleta Buchi 403 с01',NULL,'5250','state4','Nicoleta Buchi','catalogs/October2018/hjmU8Yi1ZluzBAokC8F2.jpeg','[\"catalogs\\/October2018\\/ZtPSW2QN401a42tdaa64.jpeg\"]','2018-10-16 03:07:53','2018-10-16 03:07:53',NULL,NULL,NULL),(169,'Оправа медицинская Nicoleta Buchi 382 с01',NULL,'5250','state4','Nicoleta Buchi','catalogs/October2018/7nmH90jVgsE4LgkJxKcN.jpeg','[\"catalogs\\/October2018\\/uerVg6OOKsXAFbUiBI7D.jpeg\"]','2018-10-16 03:08:25','2018-10-16 03:08:25',NULL,NULL,NULL),(170,'Оправа медицинская Nicoleta Buchi 377 с02',NULL,'5250','state4','Nicoleta Buchi','catalogs/October2018/WGt50C8UM981YWKMwm06.jpeg','[\"catalogs\\/October2018\\/1Y4nCSGCR0qvkImzw5TB.jpeg\"]','2018-10-16 03:09:03','2018-10-16 03:09:03',NULL,NULL,NULL),(171,'Оправа медицинская Nicoleta Buchi 376 c01',NULL,'5250','state4','Nicoleta Buchi','catalogs/October2018/wOXV1Pw4gAcbJhBuZYAY.jpeg','[\"catalogs\\/October2018\\/UJNpJHRnCLAnOjC6JUQs.jpeg\"]','2018-10-16 03:09:42','2018-10-16 03:09:42',NULL,NULL,NULL),(172,'Оправа медицинская Mirella Mori 7140 с03',NULL,'5250','state4','Mirella Mori','catalogs/October2018/wVGlGcxOmoNKKl1Ug9Wy.jpeg','[\"catalogs\\/October2018\\/0JO02PIZARmf4dTgenzL.jpg\",\"catalogs\\/October2018\\/Zoyp5G85VnoPzlr5VU1o.jpeg\"]','2018-10-16 03:22:16','2018-10-16 03:22:16',NULL,NULL,NULL),(173,'Оправа медицинская Mirella Mori 7131 с03',NULL,'5250','state4','Mirella Mori','catalogs/October2018/9JlBzrgOGR4pYSCw1oyZ.jpeg','[\"catalogs\\/October2018\\/miyWwnyU9Dbt8mvm2GC5.jpg\",\"catalogs\\/October2018\\/0aTJLL5BnCsGF8ilQlXA.jpeg\"]','2018-10-16 03:23:44','2018-10-16 03:23:44',NULL,NULL,NULL),(174,'Оправа медицинская Mirella Mori 7123 с03',NULL,'5250','state4','Mirella Mori','catalogs/October2018/7kRlzF52MFR1tZFZ3tJc.jpeg','[\"catalogs\\/October2018\\/9ytwNACRC9nuJeffYBLi.jpg\",\"catalogs\\/October2018\\/cQX9NwjevSSOgY44GD39.jpeg\"]','2018-10-16 03:24:21','2018-10-16 03:24:21',NULL,NULL,NULL),(175,'Оправа медицинская Mirella Mori 7119 с02',NULL,NULL,'state4','Mirella Mori','catalogs/October2018/s0VXi2P7pNJ4UpMbyyeO.jpeg','[\"catalogs\\/October2018\\/2yFi6wSiBydejUw54fg7.jpg\",\"catalogs\\/October2018\\/0qJrXlA536om3o06xtIM.jpeg\"]','2018-10-16 03:25:08','2018-10-16 03:25:08',NULL,NULL,NULL),(176,'Оправа медицинская Mirella Mori 7112 с02',NULL,'5250','state4','Mirella Mori','catalogs/October2018/9HCWPu9K2Jti1YMIIiA0.jpeg','[\"catalogs\\/October2018\\/aYLyO9pOqMiVTRS8c1QD.jpg\",\"catalogs\\/October2018\\/a30EP5dPHpK71tJ0BvOg.jpeg\"]','2018-10-16 03:25:49','2018-10-16 03:25:49',NULL,NULL,NULL),(177,'Оправа медицинская Mirella Mor с02',NULL,'5250','state4','Mirella Mor','catalogs/October2018/lwpdLxaxniG0l6Bmb1Lv.jpeg','[\"catalogs\\/October2018\\/AldpfDJF1W5BKYGaiIx2.jpg\",\"catalogs\\/October2018\\/jrIwGHnXJpLALhuEOCTt.jpeg\"]','2018-10-16 03:26:42','2018-10-16 03:26:42',NULL,NULL,NULL),(178,'Оправа медицинская Mirella Mori 7103',NULL,NULL,'state4','Mirella Mori','catalogs/October2018/0RoylDqFJo267xh25Rlb.jpeg','[\"catalogs\\/October2018\\/fwRQL0EHG1mh9Cm0camX.jpg\",\"catalogs\\/October2018\\/RSxhPeyUNKmHM8hR0ZDR.jpeg\"]','2018-10-16 03:28:18','2018-10-16 03:28:18',NULL,NULL,NULL),(179,'Оправа медицинская Mirella Mori 7016 с03',NULL,'5250','state4','Mirella Mori','catalogs/October2018/JUDX0nGI9rtljECkTbIA.jpeg','[\"catalogs\\/October2018\\/8Q9AURY6uzK5wT4ZhIFq.jpg\",\"catalogs\\/October2018\\/ZjRZev6dqAZlwtKPB0AF.jpeg\"]','2018-10-16 03:29:47','2018-10-16 03:29:47',NULL,NULL,NULL),(180,'Оправа медицинская Mirella Mori 6126 с03',NULL,'5250','state4','Mirella Mori','catalogs/October2018/r9gZtO8q4wYV6iCZRcyp.jpeg','[\"catalogs\\/October2018\\/AT0LHD9iLJV1Zq5NzirE.jpg\",\"catalogs\\/October2018\\/VQb5p35C5nHRZ1euasWB.jpeg\"]','2018-10-16 03:31:17','2018-10-16 03:31:17',NULL,NULL,NULL),(181,'Оправа медицинская Mirella Mori 6120 с01',NULL,'5250','state4','Mirella Mori','catalogs/October2018/Z8QHAx1Xydgt2fVRbPEC.jpeg','[\"catalogs\\/October2018\\/p0ethTEwFg4Xtp2RCbZ0.jpg\",\"catalogs\\/October2018\\/GCNseRumxZcdRrvKNJcf.jpeg\"]','2018-10-16 03:32:19','2018-10-16 03:32:19',NULL,NULL,NULL),(182,'Оправа медицинская Mirella Mori 5047 с01',NULL,'5250','state4','Mirella Mori','catalogs/October2018/e1QVuVwaSwnHYxpdFsVr.jpeg','[\"catalogs\\/October2018\\/VWqWo5YAlxbstpS7RtT4.jpg\",\"catalogs\\/October2018\\/SS1CK8sUyj1LtV6KFKDa.jpeg\"]','2018-10-16 03:33:15','2018-10-16 03:33:15',NULL,NULL,NULL),(183,'Оправа медицинская Mirella Mori 2264 с01',NULL,'5250','state4','Mirella Mori','catalogs/October2018/wwk5V67kjjOXuM9zFSxG.jpeg','[\"catalogs\\/October2018\\/gn4jzft3cFJMZjTpetm0.jpg\",\"catalogs\\/October2018\\/bjYwRbF67deE7L5qpe16.jpeg\"]','2018-10-16 03:34:08','2018-10-16 03:34:08',NULL,NULL,NULL),(184,'Оправа медицинская Mirella Mori 2260 с03',NULL,'5250','state4','Mirella Mori','catalogs/October2018/txkGkRBda77vrKptf7PW.jpeg','[\"catalogs\\/October2018\\/vJO5Au8G04rffM4iAMtl.jpg\",\"catalogs\\/October2018\\/FYv1IpHEAB0EsgEJ3lis.jpeg\"]','2018-10-16 03:35:12','2018-10-16 03:35:12',NULL,NULL,NULL),(185,'Медицинская оправа Mirella Mori 9009 c03',NULL,'5250','state4','Mirella Mori','catalogs/October2018/aBIX3NHnzrJv6RQ5djP8.jpeg','[\"catalogs\\/October2018\\/vL79t93I8R8bkgIXeyXp.jpg\",\"catalogs\\/October2018\\/7zjZht8anBDRGAuXze4c.jpeg\"]','2018-10-16 03:36:02','2018-10-16 03:36:02',NULL,NULL,NULL),(186,'Медицинская оправа Mirella Mori 7126 c01','Материал оправы: металл\r\nЦвет оправы: шоколадный\r\nСтрана: Италия\r\nШирина линзы: 53\r\nМост: 17\r\nДлина заушника: 135','5250','state4','Mirella Mori','catalogs/October2018/WygdD9Bs8tzEpCWNDdhE.jpeg','[\"catalogs\\/October2018\\/KHu5KFHSnK9DuNNlg9cH.jpg\",\"catalogs\\/October2018\\/9Peom7E1b7mlb1XxrBtC.jpeg\"]','2018-10-16 03:37:24','2018-10-16 03:37:24',NULL,NULL,NULL),(187,'Медицинская оправа Mirella Mori 7125 c02','Материал оправы: металл\r\nЦвет оправы: серебристый\r\nСтрана: Италия\r\nШирина линзы: 53\r\nМост: 17\r\nДлина заушника: 135','5250','state4','Mirella Mori','catalogs/October2018/SXemJ1RPzSppHuHJWV9a.jpeg','[\"catalogs\\/October2018\\/ajtxjBAvKexKLJiGNOFI.jpg\",\"catalogs\\/October2018\\/anKUFZyC6VtwroJBQ4rd.jpeg\"]','2018-10-16 03:39:47','2018-10-16 03:39:47',NULL,NULL,NULL),(188,'Медицинская оправа Mirella Mori 7090 c01','Материал оправы: металл\r\nЦвет оправы: черный / золотой\r\nСтрана: Италия\r\nШирина линзы: 53\r\nМост: 17\r\nДлина заушника: 135','5250','state4','Mirella Mori','catalogs/October2018/yPxIeZongr7K15i5EyGz.jpeg','[\"catalogs\\/October2018\\/HfK2sLXOTcnvnlEKobfJ.jpg\",\"catalogs\\/October2018\\/R3fZnJRlRliC4ryJgp2z.jpeg\"]','2018-10-16 03:41:44','2018-10-16 03:41:44',NULL,NULL,NULL),(189,'Медицинская оправа Mirella Mori 7065 c02','Материал оправы: металл\r\nЦвет оправы: градиент шоколадный\r\nСтрана: Италия\r\nШирина линзы: 53\r\nМост: 15\r\nДлина заушника: 140','5250','state4','Mirella Mori','catalogs/October2018/RwI1fYs2ryOEvF1aPVBz.jpeg','[\"catalogs\\/October2018\\/0UGR5q1lRhzs57aJn2Ba.jpg\",\"catalogs\\/October2018\\/HEYs9Wa5xE9GY5uNrDAz.jpeg\"]','2018-10-16 03:52:02','2018-10-16 03:52:02',NULL,NULL,NULL),(190,'Медицинская оправа Mirella Mori 2250 c01','Материал оправы: металл\r\nЦвет оправы: черный\r\nСтрана: Италия\r\nШирина линзы: 53\r\nМост: 16\r\nДлина заушника: 140','5250','state4','Mirella Mori','catalogs/October2018/fQ3NeA1G1qZcBblGYNb3.jpeg','[\"catalogs\\/October2018\\/UJ7tflwTHHH6Jgtr1PvB.jpg\",\"catalogs\\/October2018\\/l59F0pg2YVQzJ12Rntk2.jpeg\"]','2018-10-16 03:53:06','2018-10-16 03:53:06',NULL,NULL,NULL),(191,'Оправа медицинская Mirella Mori 2236 с02',NULL,'5250','state4','Mirella Mori','catalogs/October2018/bzm37Fs563Q7Gm2PHv5V.jpeg','[\"catalogs\\/October2018\\/qCqb5lQRjuAKzjR3grEL.jpg\",\"catalogs\\/October2018\\/5ndBpjNtOC98TdnOZHFP.jpeg\"]','2018-10-16 03:54:14','2018-10-16 03:54:14',NULL,NULL,NULL),(192,'Медицинская оправа Mirella Mori 2232 c03','Материал оправы: металл\r\nЦвет оправы: бежевый\r\nСтрана: Италия\r\nШирина линзы: 54\r\nМост: 17\r\nДлина заушника: 135','5250','state4','Mirella Mori','catalogs/October2018/jqBRSO9YMZtRJmo7Str1.jpeg','[\"catalogs\\/October2018\\/YoQ3M0XSE9cN5IlFrcQv.jpg\",\"catalogs\\/October2018\\/fKh8IYEQ5tyoD4ck64Lk.jpeg\"]','2018-10-16 03:58:48','2018-10-16 03:58:48',NULL,NULL,NULL),(193,'Медицинская оправа Mirella Mori 2228 c01','Материал оправы: металл\r\nЦвет оправы: матовый черный\r\nСтрана: Италия\r\nШирина линзы: 54\r\nМост: 17\r\nДлина заушника: 140','5250','state4','Mirella Mori','catalogs/October2018/ZDreteGQrSvjHhR1Y42r.jpeg','[\"catalogs\\/October2018\\/ybLf6rXohHQfhGYSXOQD.jpg\",\"catalogs\\/October2018\\/o8m4I009J3KjIZJpUdNi.jpeg\"]','2018-10-16 03:59:51','2018-10-16 03:59:51',NULL,NULL,NULL),(194,'Оправа медицинская Mirella Mori 2216 с02',NULL,'5250','state4','Mirella Mori','catalogs/October2018/qM5zCYp2k8h0MA8E97l2.jpeg','[\"catalogs\\/October2018\\/QV1Lat20uEmcaKzxXiSh.jpg\",\"catalogs\\/October2018\\/4iDwIYxNxW5DXWpVxS6d.jpeg\"]','2018-10-16 04:03:30','2018-10-16 04:04:08',NULL,NULL,NULL),(195,'Оправа медицинская Mirella Mori 2212 c01',NULL,'5250','state4','Mirella Mori','catalogs/October2018/r2NOh8guS3BuJmKSOa08.jpg','[\"catalogs\\/October2018\\/XSuAGP8STMfqP40tKD3V.jpg\",\"catalogs\\/October2018\\/tfxYw0oCGy83BZffZWR8.jpg\"]','2018-10-16 04:08:07','2018-10-16 04:08:07',NULL,NULL,NULL),(196,'Медицинская оправа Mirella Mori 5038 c02','Материал оправы: металл\r\nЦвет оправы: кофейный\r\nСтрана: Италия\r\nШирина линзы: 52\r\nМост: 16\r\nДлина заушника: 135','5250','state4','Mirella Mori','catalogs/October2018/ZddNZlvu9y9uH5eEBEWU.jpg','[\"catalogs\\/October2018\\/0svUNxKbuxel3LfqP1R5.jpg\",\"catalogs\\/October2018\\/4p9UOoEAol5QBsOHT86V.jpg\"]','2018-10-16 04:15:29','2018-10-16 04:15:29',NULL,NULL,NULL),(197,'Медицинская оправа Mirella Mori 2246 c03','Материал оправы: металл\r\nЦвет оправы: черный / фиалковый\r\nСтрана: Италия\r\nШирина линзы: 54\r\nМост: 17\r\nДлина заушника: 140','5250','state4','Mirella Mori','catalogs/October2018/iR0zajr1I7qoP2mjD45q.jpg','[\"catalogs\\/October2018\\/WMcqGCqXwBYGnGiWa2Rn.jpg\",\"catalogs\\/October2018\\/rrxX0ThEMt1dL7ybekPK.jpg\"]','2018-10-16 04:17:33','2018-10-16 04:17:33',NULL,NULL,NULL),(198,'Медицинская оправа Mirella Mori 6096 c01','Материал оправы: металл\r\nЦвет оправы: черный\r\nСтрана: Италия\r\nШирина линзы: 53\r\nМост: 17\r\nДлина заушника: 140','5250','state4','Mirella Mori','catalogs/October2018/f6adCpqJZr0ftku2r2RC.jpg','[\"catalogs\\/October2018\\/XlqfFg8bCXQ4IS09BhBs.jpg\",\"catalogs\\/October2018\\/1FYUSutTtbAar3gJNyHp.jpg\"]','2018-10-16 04:19:15','2018-10-16 04:19:15',NULL,NULL,NULL),(199,'Медицинская оправа Mirella Mori 5045 c01','Материал оправы: пластик\r\nЦвет оправы: черный / фиалковый\r\nСтрана: Италия\r\nШирина линзы: 52\r\nМост: 17\r\nДлина заушника: 140','5250','state4','Mirella Mori','catalogs/October2018/eNStWLSqm99uymJERebs.jpg','[\"catalogs\\/October2018\\/CprrAl8CeKjXOUHyhrpX.jpg\",\"catalogs\\/October2018\\/KhsWVYYuIen6D9woVD82.jpg\"]','2018-10-16 04:20:27','2018-10-16 04:20:27',NULL,NULL,NULL),(200,'Медицинская оправа Mirella Mori 6065 c01','Материал оправы: металл\r\nЦвет оправы: черный / серебристый\r\nСтрана: Италия\r\nШирина линзы: 54\r\nМост: 16\r\nДлина заушника: 140','5250','state4','Mirella Mori','catalogs/October2018/U0w6RCmc9K8FvXiCGApa.jpg','[\"catalogs\\/October2018\\/ROF4Ai4JiUPb3pRyDgUp.jpg\",\"catalogs\\/October2018\\/CYS57rEd1ahU0bhzRBkR.jpg\"]','2018-10-16 04:22:04','2018-10-16 04:22:04',NULL,NULL,NULL),(201,'Медицинская оправа Mirella Mori 3141 c01','Материал оправы: металл\r\nЦвет оправы: черный / золотой\r\nСтрана: Италия\r\nШирина линзы: 53\r\nМост: 17\r\nДлина заушника: 140','5250','state4','Mirella Mori','catalogs/October2018/F67f0uyZyqPoLcVahdkn.jpg','[\"catalogs\\/October2018\\/qAdhTCcVvEJo6HdofLPL.jpg\",\"catalogs\\/October2018\\/gE8diaazvQ58uSrLgg2I.jpg\"]','2018-10-16 04:24:23','2018-10-16 04:24:23',NULL,NULL,NULL),(202,'Медицинская оправа Mirella Mori 6099 c02','Материал оправы: металл\r\nЦвет оправы: черный / золотой\r\nСтрана: Италия\r\nШирина линзы: 53\r\nМост: 16\r\nДлина заушника: 140','5250','state4','Mirella Mori','catalogs/October2018/mo52u8slRZedltqo3GLk.jpg','[\"catalogs\\/October2018\\/l5fdf1GCozkRdiNB1IrG.jpg\",\"catalogs\\/October2018\\/kGSDFlM5dFbnR3YK6fFw.jpg\"]','2018-10-16 04:26:07','2018-10-16 04:26:07',NULL,NULL,NULL),(203,'Медицинская оправа Mirella Mori 6103 c01','Материал оправы: металл\r\nЦвет оправы: черный / золотистый\r\nСтрана: Италия\r\nШирина линзы: 52\r\nМост: 18\r\nДлина заушника: 140','5250','state4','Mirella Mori','catalogs/October2018/aFRHa5OGNNq00WgXbx0x.jpg','[\"catalogs\\/October2018\\/2Mm44mGe3JIf94CXLwVt.jpg\",\"catalogs\\/October2018\\/DIT2Vs4yRue5rbMd7nDE.jpg\"]','2018-10-16 04:29:49','2018-10-16 04:29:49',NULL,NULL,NULL),(204,'Медицинская оправа Mirella Mori 6098 c01','Материал оправы: металл\r\nЦвет оправы: черный\r\nСтрана: Италия\r\nШирина линзы: 56\r\nМост: 15\r\nДлина заушника: 140','5250','state4','Mirella Mori','catalogs/October2018/SvujRvSzkR5SO32BZCE8.jpg','[\"catalogs\\/October2018\\/kFBEBXoCydqKve0w8t9o.jpg\",\"catalogs\\/October2018\\/acMRoX8VjGtj6FOqg1iv.jpg\"]','2018-10-16 04:31:50','2018-10-16 04:31:50',NULL,NULL,NULL),(205,'Медицинская оправа Mirella Mori 7113 c01','Материал оправы: металл\r\nЦвет оправы: шоколадный / золотой\r\nСтрана: Италия\r\nШирина линзы: 53\r\nМост: 17\r\nДлина заушника: 135','5250','state4','Mirella Mori','catalogs/October2018/1ZgMMvEBP8Ua09WPyLAB.jpg','[\"catalogs\\/October2018\\/sKYR5byA30XZqzp1H52T.jpg\",\"catalogs\\/October2018\\/ww4k5idanHWccr6sGRtL.jpg\"]','2018-10-16 04:33:05','2018-10-16 04:33:05',NULL,NULL,NULL),(206,'Медицинская оправа Mirella Mori 6106 c02','Материал оправы: металл\r\nЦвет оправы: шоколадный\r\nСтрана: Италия\r\nШирина линзы: 52\r\nМост: 17\r\nДлина заушника: 135','5250','state4','Mirella Mori','catalogs/October2018/ufcXlB0uEOn76dzQ4UXH.jpg','[\"catalogs\\/October2018\\/eWjmkDYwLDJYWl40dnNq.jpg\",\"catalogs\\/October2018\\/cwT5tjZB3AWIRQDFVXfM.jpg\"]','2018-10-16 04:34:06','2018-10-16 04:34:06',NULL,NULL,NULL),(207,'Медицинская оправа Mirella Mori 5037 c03','Материал оправы: пластик\r\nЦвет оправы: черный\r\nСтрана: Италия\r\nШирина линзы: 54\r\nМост: 16\r\nДлина заушника: 135','5250','state4','Mirella Mori','catalogs/October2018/E2eRvBFNqIfigptUtCl5.jpg','[\"catalogs\\/October2018\\/K6VahLKIwNj8jcV2kHBl.jpg\",\"catalogs\\/October2018\\/Mdmyma8woam1s7xZv9rB.jpg\"]','2018-10-16 04:35:34','2018-10-16 04:35:34',NULL,NULL,NULL),(208,'Медицинская оправа Mirella Mori 2244 c02','Материал оправы: металл\r\nЦвет оправы: черный / золотой\r\nСтрана: Италия\r\nШирина линзы: 51\r\nМост: 19\r\nДлина заушника: 140','5250','state4','Mirella Mori','catalogs/October2018/8edZpEJ3j6UW7ihQyhdD.jpg','[\"catalogs\\/October2018\\/tZmxTqmkqBfgaIGoSnly.jpg\",\"catalogs\\/October2018\\/AJoQ8puLT28UDrjuzfK7.jpg\"]','2018-10-16 04:37:35','2018-10-16 04:37:35',NULL,NULL,NULL),(209,'Медицинская оправа Mirella Mori 5053 c02','Материал оправы: металл\r\nЦвет оправы: бежевый\r\nСтрана: Италия\r\nШирина линзы: 52\r\nМост: 17\r\nДлина заушника: 135','5250','state4','Mirella Mori','catalogs/October2018/TRhc6JqzwpW3nNKkoAJG.jpg','[\"catalogs\\/October2018\\/vUDrKAWUBfF75c0EFBip.jpg\",\"catalogs\\/October2018\\/TV5EZX8axRJjYV0ZY0DB.jpg\"]','2018-10-16 04:38:57','2018-10-16 04:38:57',NULL,NULL,NULL),(210,'Медицинская оправа Mirella Mori 2231 c01','Материал оправы: металл\r\nЦвет оправы: черный\r\nСтрана: Италия\r\nШирина линзы: 53\r\nМост: 17\r\nДлина заушника: 135','5250','state4','Mirella Mori','catalogs/October2018/Ad0sNlthLPg12oEBMS52.jpg','[\"catalogs\\/October2018\\/UHRhnk8YyMP1eWgjfI69.jpg\",\"catalogs\\/October2018\\/t1jL13nWiJmZewIie50O.jpg\"]','2018-10-16 04:39:59','2018-10-16 04:39:59',NULL,NULL,NULL);
/*!40000 ALTER TABLE `catalogs` ENABLE KEYS */;
UNLOCK TABLES;

--
-- Table structure for table `categories`
--

DROP TABLE IF EXISTS `categories`;
/*!40101 SET @saved_cs_client     = @@character_set_client */;
/*!40101 SET character_set_client = utf8 */;
CREATE TABLE `categories` (
  `id` int(10) unsigned NOT NULL AUTO_INCREMENT,
  `parent_id` int(10) unsigned DEFAULT NULL,
  `order` int(11) NOT NULL DEFAULT '1',
  `name` varchar(191) COLLATE utf8mb4_unicode_ci NOT NULL,
  `slug` varchar(191) COLLATE utf8mb4_unicode_ci NOT NULL,
  `created_at` timestamp NULL DEFAULT NULL,
  `updated_at` timestamp NULL DEFAULT NULL,
  PRIMARY KEY (`id`),
  UNIQUE KEY `categories_slug_unique` (`slug`),
  KEY `categories_parent_id_foreign` (`parent_id`),
  CONSTRAINT `categories_parent_id_foreign` FOREIGN KEY (`parent_id`) REFERENCES `categories` (`id`) ON DELETE SET NULL ON UPDATE CASCADE
) ENGINE=InnoDB AUTO_INCREMENT=3 DEFAULT CHARSET=utf8mb4 COLLATE=utf8mb4_unicode_ci;
/*!40101 SET character_set_client = @saved_cs_client */;

--
-- Dumping data for table `categories`
--

LOCK TABLES `categories` WRITE;
/*!40000 ALTER TABLE `categories` DISABLE KEYS */;
INSERT INTO `categories` VALUES (1,NULL,1,'Category 1','category-1','2018-10-08 11:00:16','2018-10-08 11:00:16'),(2,NULL,1,'Category 2','category-2','2018-10-08 11:00:16','2018-10-08 11:00:16');
/*!40000 ALTER TABLE `categories` ENABLE KEYS */;
UNLOCK TABLES;

--
-- Table structure for table `data_rows`
--

DROP TABLE IF EXISTS `data_rows`;
/*!40101 SET @saved_cs_client     = @@character_set_client */;
/*!40101 SET character_set_client = utf8 */;
CREATE TABLE `data_rows` (
  `id` int(10) unsigned NOT NULL AUTO_INCREMENT,
  `data_type_id` int(10) unsigned NOT NULL,
  `field` varchar(191) COLLATE utf8mb4_unicode_ci NOT NULL,
  `type` varchar(191) COLLATE utf8mb4_unicode_ci NOT NULL,
  `display_name` varchar(191) COLLATE utf8mb4_unicode_ci NOT NULL,
  `required` tinyint(1) NOT NULL DEFAULT '0',
  `browse` tinyint(1) NOT NULL DEFAULT '1',
  `read` tinyint(1) NOT NULL DEFAULT '1',
  `edit` tinyint(1) NOT NULL DEFAULT '1',
  `add` tinyint(1) NOT NULL DEFAULT '1',
  `delete` tinyint(1) NOT NULL DEFAULT '1',
  `details` text COLLATE utf8mb4_unicode_ci,
  `order` int(11) NOT NULL DEFAULT '1',
  PRIMARY KEY (`id`),
  KEY `data_rows_data_type_id_foreign` (`data_type_id`),
  CONSTRAINT `data_rows_data_type_id_foreign` FOREIGN KEY (`data_type_id`) REFERENCES `data_types` (`id`) ON DELETE CASCADE ON UPDATE CASCADE
) ENGINE=InnoDB AUTO_INCREMENT=84 DEFAULT CHARSET=utf8mb4 COLLATE=utf8mb4_unicode_ci;
/*!40101 SET character_set_client = @saved_cs_client */;

--
-- Dumping data for table `data_rows`
--

LOCK TABLES `data_rows` WRITE;
/*!40000 ALTER TABLE `data_rows` DISABLE KEYS */;
INSERT INTO `data_rows` VALUES (1,1,'id','number','ID',1,0,0,0,0,0,'',1),(2,1,'name','text','Name',1,1,1,1,1,1,'',2),(3,1,'email','text','Email',1,1,1,1,1,1,'',3),(4,1,'password','password','Password',1,0,0,1,1,0,'',4),(5,1,'remember_token','text','Remember Token',0,0,0,0,0,0,'',5),(6,1,'created_at','timestamp','Created At',0,1,1,0,0,0,'',6),(7,1,'updated_at','timestamp','Updated At',0,0,0,0,0,0,'',7),(8,1,'avatar','image','Avatar',0,1,1,1,1,1,'',8),(9,1,'user_belongsto_role_relationship','relationship','Role',0,1,1,1,1,0,'{\"model\":\"TCG\\\\Voyager\\\\Models\\\\Role\",\"table\":\"roles\",\"type\":\"belongsTo\",\"column\":\"role_id\",\"key\":\"id\",\"label\":\"display_name\",\"pivot_table\":\"roles\",\"pivot\":\"0\"}',10),(10,1,'user_belongstomany_role_relationship','relationship','Roles',0,1,1,1,1,0,'{\"model\":\"TCG\\\\Voyager\\\\Models\\\\Role\",\"table\":\"roles\",\"type\":\"belongsToMany\",\"column\":\"id\",\"key\":\"id\",\"label\":\"display_name\",\"pivot_table\":\"user_roles\",\"pivot\":\"1\",\"taggable\":\"0\"}',11),(11,1,'locale','text','Locale',0,1,1,1,1,0,'',12),(12,1,'settings','hidden','Settings',0,0,0,0,0,0,'',12),(13,2,'id','number','ID',1,0,0,0,0,0,'',1),(14,2,'name','text','Name',1,1,1,1,1,1,'',2),(15,2,'created_at','timestamp','Created At',0,0,0,0,0,0,'',3),(16,2,'updated_at','timestamp','Updated At',0,0,0,0,0,0,'',4),(17,3,'id','number','ID',1,0,0,0,0,0,'',1),(18,3,'name','text','Name',1,1,1,1,1,1,'',2),(19,3,'created_at','timestamp','Created At',0,0,0,0,0,0,'',3),(20,3,'updated_at','timestamp','Updated At',0,0,0,0,0,0,'',4),(21,3,'display_name','text','Display Name',1,1,1,1,1,1,'',5),(22,1,'role_id','text','Role',1,1,1,1,1,1,'',9),(23,4,'id','number','ID',1,0,0,0,0,0,'',1),(24,4,'parent_id','select_dropdown','Parent',0,0,1,1,1,1,'{\"default\":\"\",\"null\":\"\",\"options\":{\"\":\"-- None --\"},\"relationship\":{\"key\":\"id\",\"label\":\"name\"}}',2),(25,4,'order','text','Order',1,1,1,1,1,1,'{\"default\":1}',3),(26,4,'name','text','Name',1,1,1,1,1,1,'',4),(27,4,'slug','text','Slug',1,1,1,1,1,1,'{\"slugify\":{\"origin\":\"name\"}}',5),(28,4,'created_at','timestamp','Created At',0,0,1,0,0,0,'',6),(29,4,'updated_at','timestamp','Updated At',0,0,0,0,0,0,'',7),(30,5,'id','number','ID',1,0,0,0,0,0,'',1),(31,5,'author_id','text','Author',1,0,1,1,0,1,'',2),(32,5,'category_id','text','Category',1,0,1,1,1,0,'',3),(33,5,'title','text','Title',1,1,1,1,1,1,'',4),(34,5,'excerpt','text_area','Excerpt',1,0,1,1,1,1,'',5),(35,5,'body','rich_text_box','Body',1,0,1,1,1,1,'',6),(36,5,'image','image','Post Image',0,1,1,1,1,1,'{\"resize\":{\"width\":\"1000\",\"height\":\"null\"},\"quality\":\"70%\",\"upsize\":true,\"thumbnails\":[{\"name\":\"medium\",\"scale\":\"50%\"},{\"name\":\"small\",\"scale\":\"25%\"},{\"name\":\"cropped\",\"crop\":{\"width\":\"300\",\"height\":\"250\"}}]}',7),(37,5,'slug','text','Slug',1,0,1,1,1,1,'{\"slugify\":{\"origin\":\"title\",\"forceUpdate\":true},\"validation\":{\"rule\":\"unique:posts,slug\"}}',8),(38,5,'meta_description','text_area','Meta Description',1,0,1,1,1,1,'',9),(39,5,'meta_keywords','text_area','Meta Keywords',1,0,1,1,1,1,'',10),(40,5,'status','select_dropdown','Status',1,1,1,1,1,1,'{\"default\":\"DRAFT\",\"options\":{\"PUBLISHED\":\"published\",\"DRAFT\":\"draft\",\"PENDING\":\"pending\"}}',11),(41,5,'created_at','timestamp','Created At',0,1,1,0,0,0,'',12),(42,5,'updated_at','timestamp','Updated At',0,0,0,0,0,0,'',13),(43,5,'seo_title','text','SEO Title',0,1,1,1,1,1,'',14),(44,5,'featured','checkbox','Featured',1,1,1,1,1,1,'',15),(45,6,'id','number','ID',1,0,0,0,0,0,'',1),(46,6,'author_id','text','Author',1,0,0,0,0,0,'',2),(47,6,'title','text','Title',1,1,1,1,1,1,'',3),(48,6,'excerpt','text_area','Excerpt',1,0,1,1,1,1,'',4),(49,6,'body','rich_text_box','Body',1,0,1,1,1,1,'',5),(50,6,'slug','text','Slug',1,0,1,1,1,1,'{\"slugify\":{\"origin\":\"title\"},\"validation\":{\"rule\":\"unique:pages,slug\"}}',6),(51,6,'meta_description','text','Meta Description',1,0,1,1,1,1,'',7),(52,6,'meta_keywords','text','Meta Keywords',1,0,1,1,1,1,'',8),(53,6,'status','select_dropdown','Status',1,1,1,1,1,1,'{\"default\":\"INACTIVE\",\"options\":{\"INACTIVE\":\"INACTIVE\",\"ACTIVE\":\"ACTIVE\"}}',9),(54,6,'created_at','timestamp','Created At',1,1,1,0,0,0,'',10),(55,6,'updated_at','timestamp','Updated At',1,0,0,0,0,0,'',11),(56,6,'image','image','Page Image',0,1,1,1,1,1,'',12),(57,7,'id','text','Id',1,0,0,0,0,0,NULL,1),(58,7,'title','text','Наименование',0,1,1,1,1,1,NULL,2),(59,7,'body','text_area','Описание',0,0,1,1,1,1,NULL,3),(60,7,'price','number','Цена',0,0,1,1,1,1,NULL,4),(61,7,'type','select_dropdown','Type',0,1,1,1,1,1,'{\"default\":\"СОЛНЦЕЗАЩИТНЫЕ ОЧКИ\",\"options\":{\"state1\":\"СОЛНЦЕЗАЩИТНЫЕ ОЧКИ\",\"state2\":\"КОНТАКТНЫЕ ЛИНЗЫ\",\"state3\":\"АКСЕССУАРЫ ДЛЯ ОЧКОВ И КОНТАКТНЫХ ЛИНЗ\",\"state4\":\"ОПРАВЫ\",\"state5\":\"СРЕДСТВА ПО УХОДУ ЗА КОНТАКТНЫМИ ЛИНЗАМИ\",\"state6\":\"ЛИНЗЫ ДЛЯ ОЧКОВ\"}}',5),(62,7,'brand','text','Бренд',0,0,1,1,1,1,NULL,6),(63,7,'mainimage','image','Главное изображение',0,0,1,1,1,1,'{\"resize\":{\"width\":\"1000\",\"height\":\"null\"},\"quality\":\"70%\",\"upsize\":true,\"thumbnails\":[{\"name\":\"medium\",\"scale\":\"50%\"},{\"name\":\"small\",\"scale\":\"25%\"},{\"name\":\"cropped\",\"crop\":{\"width\":\"300\",\"height\":\"250\"}}]}',7),(64,7,'images','multiple_images','Изображения',0,0,1,1,1,1,NULL,8),(65,7,'created_at','timestamp','Создание',0,1,1,0,0,1,NULL,9),(66,7,'updated_at','timestamp','Обновление',0,0,0,0,0,0,NULL,10),(67,7,'seo_title','text','SEO title',0,1,1,1,1,1,NULL,11),(68,7,'seo_desc','text','SEO описание',0,1,1,1,1,1,NULL,12),(69,7,'seo_keywords','text','SEO Keywords',0,1,1,1,1,1,NULL,13),(70,8,'id','text','Id',1,0,0,0,0,0,NULL,1),(71,8,'title','text','Наименование',0,1,1,1,1,1,NULL,2),(72,8,'body','rich_text_box','Описание',0,1,1,1,1,1,NULL,3),(73,8,'image','image','Изображение',0,1,1,1,1,1,NULL,4),(74,8,'seo_title','text','SEO title',0,1,1,1,1,1,NULL,5),(75,8,'seo_desc','text','SEO описание',0,1,1,1,1,1,NULL,6),(76,8,'seo_keywords','text','SEO Keywords',0,1,1,1,1,1,NULL,7),(77,8,'created_at','timestamp','Created At',0,1,1,1,0,1,NULL,8),(78,8,'updated_at','timestamp','Updated At',0,0,0,0,0,0,NULL,9),(79,9,'id','text','Id',1,0,0,0,0,0,NULL,1),(80,9,'name','text','Имя',0,1,1,1,1,1,NULL,2),(81,9,'phone','text','Телефон',0,1,1,1,1,1,NULL,3),(82,9,'created_at','timestamp','Created At',0,1,1,1,0,1,NULL,4),(83,9,'updated_at','timestamp','Updated At',0,0,0,0,0,0,NULL,5);
/*!40000 ALTER TABLE `data_rows` ENABLE KEYS */;
UNLOCK TABLES;

--
-- Table structure for table `data_types`
--

DROP TABLE IF EXISTS `data_types`;
/*!40101 SET @saved_cs_client     = @@character_set_client */;
/*!40101 SET character_set_client = utf8 */;
CREATE TABLE `data_types` (
  `id` int(10) unsigned NOT NULL AUTO_INCREMENT,
  `name` varchar(191) COLLATE utf8mb4_unicode_ci NOT NULL,
  `slug` varchar(191) COLLATE utf8mb4_unicode_ci NOT NULL,
  `display_name_singular` varchar(191) COLLATE utf8mb4_unicode_ci NOT NULL,
  `display_name_plural` varchar(191) COLLATE utf8mb4_unicode_ci NOT NULL,
  `icon` varchar(191) COLLATE utf8mb4_unicode_ci DEFAULT NULL,
  `model_name` varchar(191) COLLATE utf8mb4_unicode_ci DEFAULT NULL,
  `policy_name` varchar(191) COLLATE utf8mb4_unicode_ci DEFAULT NULL,
  `controller` varchar(191) COLLATE utf8mb4_unicode_ci DEFAULT NULL,
  `description` varchar(191) COLLATE utf8mb4_unicode_ci DEFAULT NULL,
  `generate_permissions` tinyint(1) NOT NULL DEFAULT '0',
  `server_side` tinyint(4) NOT NULL DEFAULT '0',
  `details` text COLLATE utf8mb4_unicode_ci,
  `created_at` timestamp NULL DEFAULT NULL,
  `updated_at` timestamp NULL DEFAULT NULL,
  PRIMARY KEY (`id`),
  UNIQUE KEY `data_types_name_unique` (`name`),
  UNIQUE KEY `data_types_slug_unique` (`slug`)
) ENGINE=InnoDB AUTO_INCREMENT=10 DEFAULT CHARSET=utf8mb4 COLLATE=utf8mb4_unicode_ci;
/*!40101 SET character_set_client = @saved_cs_client */;

--
-- Dumping data for table `data_types`
--

LOCK TABLES `data_types` WRITE;
/*!40000 ALTER TABLE `data_types` DISABLE KEYS */;
INSERT INTO `data_types` VALUES (1,'users','users','User','Users','voyager-person','TCG\\Voyager\\Models\\User','TCG\\Voyager\\Policies\\UserPolicy','','',1,0,NULL,'2018-10-08 11:00:14','2018-10-08 11:00:14'),(2,'menus','menus','Menu','Menus','voyager-list','TCG\\Voyager\\Models\\Menu',NULL,'','',1,0,NULL,'2018-10-08 11:00:14','2018-10-08 11:00:14'),(3,'roles','roles','Role','Roles','voyager-lock','TCG\\Voyager\\Models\\Role',NULL,'','',1,0,NULL,'2018-10-08 11:00:14','2018-10-08 11:00:14'),(4,'categories','categories','Category','Categories','voyager-categories','TCG\\Voyager\\Models\\Category',NULL,'','',1,0,NULL,'2018-10-08 11:00:16','2018-10-08 11:00:16'),(5,'posts','posts','Post','Posts','voyager-news','TCG\\Voyager\\Models\\Post','TCG\\Voyager\\Policies\\PostPolicy','','',1,0,NULL,'2018-10-08 11:00:16','2018-10-08 11:00:16'),(6,'pages','pages','Page','Pages','voyager-file-text','TCG\\Voyager\\Models\\Page',NULL,'','',1,0,NULL,'2018-10-08 11:00:17','2018-10-08 11:00:17'),(7,'catalogs','catalogs','Товар','Товары',NULL,'App\\Catalog',NULL,NULL,NULL,1,1,'{\"order_column\":null,\"order_display_column\":null}','2018-10-09 17:18:09','2018-10-16 04:59:45'),(8,'stocks','stocks','Акция','Акции',NULL,'App\\Stock',NULL,NULL,NULL,1,0,'{\"order_column\":null,\"order_display_column\":null}','2018-10-10 00:22:48','2018-10-10 00:22:48'),(9,'messages','messages','Сообщение','Сообщения',NULL,'App\\Message',NULL,NULL,NULL,1,0,'{\"order_column\":null,\"order_display_column\":null}','2018-10-10 02:21:48','2018-10-10 02:21:48');
/*!40000 ALTER TABLE `data_types` ENABLE KEYS */;
UNLOCK TABLES;

--
-- Table structure for table `menu_items`
--

DROP TABLE IF EXISTS `menu_items`;
/*!40101 SET @saved_cs_client     = @@character_set_client */;
/*!40101 SET character_set_client = utf8 */;
CREATE TABLE `menu_items` (
  `id` int(10) unsigned NOT NULL AUTO_INCREMENT,
  `menu_id` int(10) unsigned DEFAULT NULL,
  `title` varchar(191) COLLATE utf8mb4_unicode_ci NOT NULL,
  `url` varchar(191) COLLATE utf8mb4_unicode_ci NOT NULL,
  `target` varchar(191) COLLATE utf8mb4_unicode_ci NOT NULL DEFAULT '_self',
  `icon_class` varchar(191) COLLATE utf8mb4_unicode_ci DEFAULT NULL,
  `color` varchar(191) COLLATE utf8mb4_unicode_ci DEFAULT NULL,
  `parent_id` int(11) DEFAULT NULL,
  `order` int(11) NOT NULL,
  `created_at` timestamp NULL DEFAULT NULL,
  `updated_at` timestamp NULL DEFAULT NULL,
  `route` varchar(191) COLLATE utf8mb4_unicode_ci DEFAULT NULL,
  `parameters` text COLLATE utf8mb4_unicode_ci,
  PRIMARY KEY (`id`),
  KEY `menu_items_menu_id_foreign` (`menu_id`),
  CONSTRAINT `menu_items_menu_id_foreign` FOREIGN KEY (`menu_id`) REFERENCES `menus` (`id`) ON DELETE CASCADE
) ENGINE=InnoDB AUTO_INCREMENT=18 DEFAULT CHARSET=utf8mb4 COLLATE=utf8mb4_unicode_ci;
/*!40101 SET character_set_client = @saved_cs_client */;

--
-- Dumping data for table `menu_items`
--

LOCK TABLES `menu_items` WRITE;
/*!40000 ALTER TABLE `menu_items` DISABLE KEYS */;
INSERT INTO `menu_items` VALUES (1,1,'Dashboard','','_self','voyager-boat',NULL,NULL,1,'2018-10-08 11:00:15','2018-10-08 11:00:15','voyager.dashboard',NULL),(2,1,'Media','','_self','voyager-images',NULL,NULL,5,'2018-10-08 11:00:15','2018-10-08 11:00:15','voyager.media.index',NULL),(3,1,'Users','','_self','voyager-person',NULL,NULL,3,'2018-10-08 11:00:15','2018-10-08 11:00:15','voyager.users.index',NULL),(4,1,'Roles','','_self','voyager-lock',NULL,NULL,2,'2018-10-08 11:00:15','2018-10-08 11:00:15','voyager.roles.index',NULL),(5,1,'Tools','','_self','voyager-tools',NULL,NULL,9,'2018-10-08 11:00:15','2018-10-08 11:00:15',NULL,NULL),(6,1,'Menu Builder','','_self','voyager-list',NULL,5,10,'2018-10-08 11:00:15','2018-10-08 11:00:15','voyager.menus.index',NULL),(7,1,'Database','','_self','voyager-data',NULL,5,11,'2018-10-08 11:00:15','2018-10-08 11:00:15','voyager.database.index',NULL),(8,1,'Compass','','_self','voyager-compass',NULL,5,12,'2018-10-08 11:00:15','2018-10-08 11:00:15','voyager.compass.index',NULL),(9,1,'BREAD','','_self','voyager-bread',NULL,5,13,'2018-10-08 11:00:15','2018-10-08 11:00:15','voyager.bread.index',NULL),(10,1,'Settings','','_self','voyager-settings',NULL,NULL,14,'2018-10-08 11:00:15','2018-10-08 11:00:15','voyager.settings.index',NULL),(14,1,'Hooks','','_self','voyager-hook',NULL,5,13,'2018-10-08 11:00:17','2018-10-08 11:00:17','voyager.hooks',NULL),(15,1,'Товары','','_self',NULL,NULL,NULL,15,'2018-10-09 17:18:09','2018-10-09 17:18:09','voyager.catalogs.index',NULL),(16,1,'Акции','','_self',NULL,NULL,NULL,16,'2018-10-10 00:22:48','2018-10-10 00:22:48','voyager.stocks.index',NULL),(17,1,'Сообщения','','_self',NULL,NULL,NULL,17,'2018-10-10 02:21:48','2018-10-10 02:21:48','voyager.messages.index',NULL);
/*!40000 ALTER TABLE `menu_items` ENABLE KEYS */;
UNLOCK TABLES;

--
-- Table structure for table `menus`
--

DROP TABLE IF EXISTS `menus`;
/*!40101 SET @saved_cs_client     = @@character_set_client */;
/*!40101 SET character_set_client = utf8 */;
CREATE TABLE `menus` (
  `id` int(10) unsigned NOT NULL AUTO_INCREMENT,
  `name` varchar(191) COLLATE utf8mb4_unicode_ci NOT NULL,
  `created_at` timestamp NULL DEFAULT NULL,
  `updated_at` timestamp NULL DEFAULT NULL,
  PRIMARY KEY (`id`),
  UNIQUE KEY `menus_name_unique` (`name`)
) ENGINE=InnoDB AUTO_INCREMENT=2 DEFAULT CHARSET=utf8mb4 COLLATE=utf8mb4_unicode_ci;
/*!40101 SET character_set_client = @saved_cs_client */;

--
-- Dumping data for table `menus`
--

LOCK TABLES `menus` WRITE;
/*!40000 ALTER TABLE `menus` DISABLE KEYS */;
INSERT INTO `menus` VALUES (1,'admin','2018-10-08 11:00:15','2018-10-08 11:00:15');
/*!40000 ALTER TABLE `menus` ENABLE KEYS */;
UNLOCK TABLES;

--
-- Table structure for table `messages`
--

DROP TABLE IF EXISTS `messages`;
/*!40101 SET @saved_cs_client     = @@character_set_client */;
/*!40101 SET character_set_client = utf8 */;
CREATE TABLE `messages` (
  `id` int(10) unsigned NOT NULL AUTO_INCREMENT,
  `name` text COLLATE utf8mb4_unicode_ci,
  `phone` text COLLATE utf8mb4_unicode_ci,
  `created_at` timestamp NULL DEFAULT NULL,
  `updated_at` timestamp NULL DEFAULT NULL,
  PRIMARY KEY (`id`)
) ENGINE=InnoDB AUTO_INCREMENT=3 DEFAULT CHARSET=utf8mb4 COLLATE=utf8mb4_unicode_ci;
/*!40101 SET character_set_client = @saved_cs_client */;

--
-- Dumping data for table `messages`
--

LOCK TABLES `messages` WRITE;
/*!40000 ALTER TABLE `messages` DISABLE KEYS */;
INSERT INTO `messages` VALUES (1,'123','1234123','2018-10-10 02:34:39','2018-10-10 02:34:39'),(2,'123213','+7 (343) 243-4242','2018-10-10 02:39:07','2018-10-10 02:39:07');
/*!40000 ALTER TABLE `messages` ENABLE KEYS */;
UNLOCK TABLES;

--
-- Table structure for table `migrations`
--

DROP TABLE IF EXISTS `migrations`;
/*!40101 SET @saved_cs_client     = @@character_set_client */;
/*!40101 SET character_set_client = utf8 */;
CREATE TABLE `migrations` (
  `id` int(10) unsigned NOT NULL AUTO_INCREMENT,
  `migration` varchar(191) COLLATE utf8mb4_unicode_ci NOT NULL,
  `batch` int(11) NOT NULL,
  PRIMARY KEY (`id`)
) ENGINE=InnoDB AUTO_INCREMENT=27 DEFAULT CHARSET=utf8mb4 COLLATE=utf8mb4_unicode_ci;
/*!40101 SET character_set_client = @saved_cs_client */;

--
-- Dumping data for table `migrations`
--

LOCK TABLES `migrations` WRITE;
/*!40000 ALTER TABLE `migrations` DISABLE KEYS */;
INSERT INTO `migrations` VALUES (1,'2014_10_12_000000_create_users_table',1),(2,'2014_10_12_100000_create_password_resets_table',1),(3,'2016_01_01_000000_add_voyager_user_fields',1),(4,'2016_01_01_000000_create_data_types_table',1),(5,'2016_05_19_173453_create_menu_table',1),(6,'2016_10_21_190000_create_roles_table',1),(7,'2016_10_21_190000_create_settings_table',1),(8,'2016_11_30_135954_create_permission_table',1),(9,'2016_11_30_141208_create_permission_role_table',1),(10,'2016_12_26_201236_data_types__add__server_side',1),(11,'2017_01_13_000000_add_route_to_menu_items_table',1),(12,'2017_01_14_005015_create_translations_table',1),(13,'2017_01_15_000000_make_table_name_nullable_in_permissions_table',1),(14,'2017_03_06_000000_add_controller_to_data_types_table',1),(15,'2017_04_21_000000_add_order_to_data_rows_table',1),(16,'2017_07_05_210000_add_policyname_to_data_types_table',1),(17,'2017_08_05_000000_add_group_to_settings_table',1),(18,'2017_11_26_013050_add_user_role_relationship',1),(19,'2017_11_26_015000_create_user_roles_table',1),(20,'2018_03_11_000000_add_user_settings',1),(21,'2018_03_14_000000_add_details_to_data_types_table',1),(22,'2018_03_16_000000_make_settings_value_nullable',1),(23,'2016_01_01_000000_create_pages_table',2),(24,'2016_01_01_000000_create_posts_table',2),(25,'2016_02_15_204651_create_categories_table',2),(26,'2017_04_11_000000_alter_post_nullable_fields_table',2);
/*!40000 ALTER TABLE `migrations` ENABLE KEYS */;
UNLOCK TABLES;

--
-- Table structure for table `pages`
--

DROP TABLE IF EXISTS `pages`;
/*!40101 SET @saved_cs_client     = @@character_set_client */;
/*!40101 SET character_set_client = utf8 */;
CREATE TABLE `pages` (
  `id` int(10) unsigned NOT NULL AUTO_INCREMENT,
  `author_id` int(11) NOT NULL,
  `title` varchar(191) COLLATE utf8mb4_unicode_ci NOT NULL,
  `excerpt` text COLLATE utf8mb4_unicode_ci,
  `body` text COLLATE utf8mb4_unicode_ci,
  `image` varchar(191) COLLATE utf8mb4_unicode_ci DEFAULT NULL,
  `slug` varchar(191) COLLATE utf8mb4_unicode_ci NOT NULL,
  `meta_description` text COLLATE utf8mb4_unicode_ci,
  `meta_keywords` text COLLATE utf8mb4_unicode_ci,
  `status` enum('ACTIVE','INACTIVE') COLLATE utf8mb4_unicode_ci NOT NULL DEFAULT 'INACTIVE',
  `created_at` timestamp NULL DEFAULT NULL,
  `updated_at` timestamp NULL DEFAULT NULL,
  PRIMARY KEY (`id`),
  UNIQUE KEY `pages_slug_unique` (`slug`)
) ENGINE=InnoDB AUTO_INCREMENT=2 DEFAULT CHARSET=utf8mb4 COLLATE=utf8mb4_unicode_ci;
/*!40101 SET character_set_client = @saved_cs_client */;

--
-- Dumping data for table `pages`
--

LOCK TABLES `pages` WRITE;
/*!40000 ALTER TABLE `pages` DISABLE KEYS */;
INSERT INTO `pages` VALUES (1,0,'Hello World','Hang the jib grog grog blossom grapple dance the hempen jig gangway pressgang bilge rat to go on account lugger. Nelsons folly gabion line draught scallywag fire ship gaff fluke fathom case shot. Sea Legs bilge rat sloop matey gabion long clothes run a shot across the bow Gold Road cog league.','<p>Hello World. Scallywag grog swab Cat o\'nine tails scuttle rigging hardtack cable nipper Yellow Jack. Handsomely spirits knave lad killick landlubber or just lubber deadlights chantey pinnace crack Jennys tea cup. Provost long clothes black spot Yellow Jack bilged on her anchor league lateen sail case shot lee tackle.</p>\n<p>Ballast spirits fluke topmast me quarterdeck schooner landlubber or just lubber gabion belaying pin. Pinnace stern galleon starboard warp carouser to go on account dance the hempen jig jolly boat measured fer yer chains. Man-of-war fire in the hole nipperkin handsomely doubloon barkadeer Brethren of the Coast gibbet driver squiffy.</p>','pages/page1.jpg','hello-world','Yar Meta Description','Keyword1, Keyword2','ACTIVE','2018-10-08 11:00:17','2018-10-08 11:00:17');
/*!40000 ALTER TABLE `pages` ENABLE KEYS */;
UNLOCK TABLES;

--
-- Table structure for table `password_resets`
--

DROP TABLE IF EXISTS `password_resets`;
/*!40101 SET @saved_cs_client     = @@character_set_client */;
/*!40101 SET character_set_client = utf8 */;
CREATE TABLE `password_resets` (
  `email` varchar(191) COLLATE utf8mb4_unicode_ci NOT NULL,
  `token` varchar(191) COLLATE utf8mb4_unicode_ci NOT NULL,
  `created_at` timestamp NULL DEFAULT NULL,
  KEY `password_resets_email_index` (`email`)
) ENGINE=InnoDB DEFAULT CHARSET=utf8mb4 COLLATE=utf8mb4_unicode_ci;
/*!40101 SET character_set_client = @saved_cs_client */;

--
-- Dumping data for table `password_resets`
--

LOCK TABLES `password_resets` WRITE;
/*!40000 ALTER TABLE `password_resets` DISABLE KEYS */;
/*!40000 ALTER TABLE `password_resets` ENABLE KEYS */;
UNLOCK TABLES;

--
-- Table structure for table `permission_role`
--

DROP TABLE IF EXISTS `permission_role`;
/*!40101 SET @saved_cs_client     = @@character_set_client */;
/*!40101 SET character_set_client = utf8 */;
CREATE TABLE `permission_role` (
  `permission_id` int(10) unsigned NOT NULL,
  `role_id` int(10) unsigned NOT NULL,
  PRIMARY KEY (`permission_id`,`role_id`),
  KEY `permission_role_permission_id_index` (`permission_id`),
  KEY `permission_role_role_id_index` (`role_id`),
  CONSTRAINT `permission_role_permission_id_foreign` FOREIGN KEY (`permission_id`) REFERENCES `permissions` (`id`) ON DELETE CASCADE,
  CONSTRAINT `permission_role_role_id_foreign` FOREIGN KEY (`role_id`) REFERENCES `roles` (`id`) ON DELETE CASCADE
) ENGINE=InnoDB DEFAULT CHARSET=utf8mb4 COLLATE=utf8mb4_unicode_ci;
/*!40101 SET character_set_client = @saved_cs_client */;

--
-- Dumping data for table `permission_role`
--

LOCK TABLES `permission_role` WRITE;
/*!40000 ALTER TABLE `permission_role` DISABLE KEYS */;
INSERT INTO `permission_role` VALUES (1,1),(2,1),(3,1),(4,1),(5,1),(6,1),(7,1),(8,1),(9,1),(10,1),(11,1),(12,1),(13,1),(14,1),(15,1),(16,1),(17,1),(18,1),(19,1),(20,1),(21,1),(22,1),(23,1),(24,1),(25,1),(26,1),(27,1),(28,1),(29,1),(30,1),(31,1),(32,1),(33,1),(34,1),(35,1),(36,1),(37,1),(38,1),(39,1),(40,1),(42,1),(43,1),(44,1),(45,1),(46,1),(47,1),(48,1),(49,1),(50,1),(51,1),(52,1),(53,1),(54,1),(55,1),(56,1);
/*!40000 ALTER TABLE `permission_role` ENABLE KEYS */;
UNLOCK TABLES;

--
-- Table structure for table `permissions`
--

DROP TABLE IF EXISTS `permissions`;
/*!40101 SET @saved_cs_client     = @@character_set_client */;
/*!40101 SET character_set_client = utf8 */;
CREATE TABLE `permissions` (
  `id` int(10) unsigned NOT NULL AUTO_INCREMENT,
  `key` varchar(191) COLLATE utf8mb4_unicode_ci NOT NULL,
  `table_name` varchar(191) COLLATE utf8mb4_unicode_ci DEFAULT NULL,
  `created_at` timestamp NULL DEFAULT NULL,
  `updated_at` timestamp NULL DEFAULT NULL,
  PRIMARY KEY (`id`),
  KEY `permissions_key_index` (`key`)
) ENGINE=InnoDB AUTO_INCREMENT=57 DEFAULT CHARSET=utf8mb4 COLLATE=utf8mb4_unicode_ci;
/*!40101 SET character_set_client = @saved_cs_client */;

--
-- Dumping data for table `permissions`
--

LOCK TABLES `permissions` WRITE;
/*!40000 ALTER TABLE `permissions` DISABLE KEYS */;
INSERT INTO `permissions` VALUES (1,'browse_admin',NULL,'2018-10-08 11:00:15','2018-10-08 11:00:15'),(2,'browse_bread',NULL,'2018-10-08 11:00:15','2018-10-08 11:00:15'),(3,'browse_database',NULL,'2018-10-08 11:00:15','2018-10-08 11:00:15'),(4,'browse_media',NULL,'2018-10-08 11:00:15','2018-10-08 11:00:15'),(5,'browse_compass',NULL,'2018-10-08 11:00:15','2018-10-08 11:00:15'),(6,'browse_menus','menus','2018-10-08 11:00:15','2018-10-08 11:00:15'),(7,'read_menus','menus','2018-10-08 11:00:15','2018-10-08 11:00:15'),(8,'edit_menus','menus','2018-10-08 11:00:15','2018-10-08 11:00:15'),(9,'add_menus','menus','2018-10-08 11:00:15','2018-10-08 11:00:15'),(10,'delete_menus','menus','2018-10-08 11:00:15','2018-10-08 11:00:15'),(11,'browse_roles','roles','2018-10-08 11:00:15','2018-10-08 11:00:15'),(12,'read_roles','roles','2018-10-08 11:00:15','2018-10-08 11:00:15'),(13,'edit_roles','roles','2018-10-08 11:00:15','2018-10-08 11:00:15'),(14,'add_roles','roles','2018-10-08 11:00:15','2018-10-08 11:00:15'),(15,'delete_roles','roles','2018-10-08 11:00:15','2018-10-08 11:00:15'),(16,'browse_users','users','2018-10-08 11:00:15','2018-10-08 11:00:15'),(17,'read_users','users','2018-10-08 11:00:15','2018-10-08 11:00:15'),(18,'edit_users','users','2018-10-08 11:00:15','2018-10-08 11:00:15'),(19,'add_users','users','2018-10-08 11:00:15','2018-10-08 11:00:15'),(20,'delete_users','users','2018-10-08 11:00:15','2018-10-08 11:00:15'),(21,'browse_settings','settings','2018-10-08 11:00:15','2018-10-08 11:00:15'),(22,'read_settings','settings','2018-10-08 11:00:15','2018-10-08 11:00:15'),(23,'edit_settings','settings','2018-10-08 11:00:15','2018-10-08 11:00:15'),(24,'add_settings','settings','2018-10-08 11:00:15','2018-10-08 11:00:15'),(25,'delete_settings','settings','2018-10-08 11:00:15','2018-10-08 11:00:15'),(26,'browse_categories','categories','2018-10-08 11:00:16','2018-10-08 11:00:16'),(27,'read_categories','categories','2018-10-08 11:00:16','2018-10-08 11:00:16'),(28,'edit_categories','categories','2018-10-08 11:00:16','2018-10-08 11:00:16'),(29,'add_categories','categories','2018-10-08 11:00:16','2018-10-08 11:00:16'),(30,'delete_categories','categories','2018-10-08 11:00:16','2018-10-08 11:00:16'),(31,'browse_posts','posts','2018-10-08 11:00:16','2018-10-08 11:00:16'),(32,'read_posts','posts','2018-10-08 11:00:16','2018-10-08 11:00:16'),(33,'edit_posts','posts','2018-10-08 11:00:16','2018-10-08 11:00:16'),(34,'add_posts','posts','2018-10-08 11:00:16','2018-10-08 11:00:16'),(35,'delete_posts','posts','2018-10-08 11:00:16','2018-10-08 11:00:16'),(36,'browse_pages','pages','2018-10-08 11:00:17','2018-10-08 11:00:17'),(37,'read_pages','pages','2018-10-08 11:00:17','2018-10-08 11:00:17'),(38,'edit_pages','pages','2018-10-08 11:00:17','2018-10-08 11:00:17'),(39,'add_pages','pages','2018-10-08 11:00:17','2018-10-08 11:00:17'),(40,'delete_pages','pages','2018-10-08 11:00:17','2018-10-08 11:00:17'),(41,'browse_hooks',NULL,'2018-10-08 11:00:17','2018-10-08 11:00:17'),(42,'browse_catalogs','catalogs','2018-10-09 17:18:09','2018-10-09 17:18:09'),(43,'read_catalogs','catalogs','2018-10-09 17:18:09','2018-10-09 17:18:09'),(44,'edit_catalogs','catalogs','2018-10-09 17:18:09','2018-10-09 17:18:09'),(45,'add_catalogs','catalogs','2018-10-09 17:18:09','2018-10-09 17:18:09'),(46,'delete_catalogs','catalogs','2018-10-09 17:18:09','2018-10-09 17:18:09'),(47,'browse_stocks','stocks','2018-10-10 00:22:48','2018-10-10 00:22:48'),(48,'read_stocks','stocks','2018-10-10 00:22:48','2018-10-10 00:22:48'),(49,'edit_stocks','stocks','2018-10-10 00:22:48','2018-10-10 00:22:48'),(50,'add_stocks','stocks','2018-10-10 00:22:48','2018-10-10 00:22:48'),(51,'delete_stocks','stocks','2018-10-10 00:22:48','2018-10-10 00:22:48'),(52,'browse_messages','messages','2018-10-10 02:21:48','2018-10-10 02:21:48'),(53,'read_messages','messages','2018-10-10 02:21:48','2018-10-10 02:21:48'),(54,'edit_messages','messages','2018-10-10 02:21:48','2018-10-10 02:21:48'),(55,'add_messages','messages','2018-10-10 02:21:48','2018-10-10 02:21:48'),(56,'delete_messages','messages','2018-10-10 02:21:48','2018-10-10 02:21:48');
/*!40000 ALTER TABLE `permissions` ENABLE KEYS */;
UNLOCK TABLES;

--
-- Table structure for table `posts`
--

DROP TABLE IF EXISTS `posts`;
/*!40101 SET @saved_cs_client     = @@character_set_client */;
/*!40101 SET character_set_client = utf8 */;
CREATE TABLE `posts` (
  `id` int(10) unsigned NOT NULL AUTO_INCREMENT,
  `author_id` int(11) NOT NULL,
  `category_id` int(11) DEFAULT NULL,
  `title` varchar(191) COLLATE utf8mb4_unicode_ci NOT NULL,
  `seo_title` varchar(191) COLLATE utf8mb4_unicode_ci DEFAULT NULL,
  `excerpt` text COLLATE utf8mb4_unicode_ci,
  `body` text COLLATE utf8mb4_unicode_ci NOT NULL,
  `image` varchar(191) COLLATE utf8mb4_unicode_ci DEFAULT NULL,
  `slug` varchar(191) COLLATE utf8mb4_unicode_ci NOT NULL,
  `meta_description` text COLLATE utf8mb4_unicode_ci,
  `meta_keywords` text COLLATE utf8mb4_unicode_ci,
  `status` enum('PUBLISHED','DRAFT','PENDING') COLLATE utf8mb4_unicode_ci NOT NULL DEFAULT 'DRAFT',
  `featured` tinyint(1) NOT NULL DEFAULT '0',
  `created_at` timestamp NULL DEFAULT NULL,
  `updated_at` timestamp NULL DEFAULT NULL,
  PRIMARY KEY (`id`),
  UNIQUE KEY `posts_slug_unique` (`slug`)
) ENGINE=InnoDB AUTO_INCREMENT=5 DEFAULT CHARSET=utf8mb4 COLLATE=utf8mb4_unicode_ci;
/*!40101 SET character_set_client = @saved_cs_client */;

--
-- Dumping data for table `posts`
--

LOCK TABLES `posts` WRITE;
/*!40000 ALTER TABLE `posts` DISABLE KEYS */;
INSERT INTO `posts` VALUES (1,0,NULL,'Lorem Ipsum Post',NULL,'This is the excerpt for the Lorem Ipsum Post','<p>This is the body of the lorem ipsum post</p>','posts/post1.jpg','lorem-ipsum-post','This is the meta description','keyword1, keyword2, keyword3','PUBLISHED',0,'2018-10-08 11:00:17','2018-10-08 11:00:17'),(2,0,NULL,'My Sample Post',NULL,'This is the excerpt for the sample Post','<p>This is the body for the sample post, which includes the body.</p>\n                <h2>We can use all kinds of format!</h2>\n                <p>And include a bunch of other stuff.</p>','posts/post2.jpg','my-sample-post','Meta Description for sample post','keyword1, keyword2, keyword3','PUBLISHED',0,'2018-10-08 11:00:17','2018-10-08 11:00:17'),(3,0,NULL,'Latest Post',NULL,'This is the excerpt for the latest post','<p>This is the body for the latest post</p>','posts/post3.jpg','latest-post','This is the meta description','keyword1, keyword2, keyword3','PUBLISHED',0,'2018-10-08 11:00:17','2018-10-08 11:00:17'),(4,0,NULL,'Yarr Post',NULL,'Reef sails nipperkin bring a spring upon her cable coffer jury mast spike marooned Pieces of Eight poop deck pillage. Clipper driver coxswain galleon hempen halter come about pressgang gangplank boatswain swing the lead. Nipperkin yard skysail swab lanyard Blimey bilge water ho quarter Buccaneer.','<p>Swab deadlights Buccaneer fire ship square-rigged dance the hempen jig weigh anchor cackle fruit grog furl. Crack Jennys tea cup chase guns pressgang hearties spirits hogshead Gold Road six pounders fathom measured fer yer chains. Main sheet provost come about trysail barkadeer crimp scuttle mizzenmast brig plunder.</p>\n<p>Mizzen league keelhaul galleon tender cog chase Barbary Coast doubloon crack Jennys tea cup. Blow the man down lugsail fire ship pinnace cackle fruit line warp Admiral of the Black strike colors doubloon. Tackle Jack Ketch come about crimp rum draft scuppers run a shot across the bow haul wind maroon.</p>\n<p>Interloper heave down list driver pressgang holystone scuppers tackle scallywag bilged on her anchor. Jack Tar interloper draught grapple mizzenmast hulk knave cable transom hogshead. Gaff pillage to go on account grog aft chase guns piracy yardarm knave clap of thunder.</p>','posts/post4.jpg','yarr-post','this be a meta descript','keyword1, keyword2, keyword3','PUBLISHED',0,'2018-10-08 11:00:17','2018-10-08 11:00:17');
/*!40000 ALTER TABLE `posts` ENABLE KEYS */;
UNLOCK TABLES;

--
-- Table structure for table `roles`
--

DROP TABLE IF EXISTS `roles`;
/*!40101 SET @saved_cs_client     = @@character_set_client */;
/*!40101 SET character_set_client = utf8 */;
CREATE TABLE `roles` (
  `id` int(10) unsigned NOT NULL AUTO_INCREMENT,
  `name` varchar(191) COLLATE utf8mb4_unicode_ci NOT NULL,
  `display_name` varchar(191) COLLATE utf8mb4_unicode_ci NOT NULL,
  `created_at` timestamp NULL DEFAULT NULL,
  `updated_at` timestamp NULL DEFAULT NULL,
  PRIMARY KEY (`id`),
  UNIQUE KEY `roles_name_unique` (`name`)
) ENGINE=InnoDB AUTO_INCREMENT=3 DEFAULT CHARSET=utf8mb4 COLLATE=utf8mb4_unicode_ci;
/*!40101 SET character_set_client = @saved_cs_client */;

--
-- Dumping data for table `roles`
--

LOCK TABLES `roles` WRITE;
/*!40000 ALTER TABLE `roles` DISABLE KEYS */;
INSERT INTO `roles` VALUES (1,'admin','Administrator','2018-10-08 11:00:15','2018-10-08 11:00:15'),(2,'user','Normal User','2018-10-08 11:00:15','2018-10-08 11:00:15');
/*!40000 ALTER TABLE `roles` ENABLE KEYS */;
UNLOCK TABLES;

--
-- Table structure for table `settings`
--

DROP TABLE IF EXISTS `settings`;
/*!40101 SET @saved_cs_client     = @@character_set_client */;
/*!40101 SET character_set_client = utf8 */;
CREATE TABLE `settings` (
  `id` int(10) unsigned NOT NULL AUTO_INCREMENT,
  `key` varchar(191) COLLATE utf8mb4_unicode_ci NOT NULL,
  `display_name` varchar(191) COLLATE utf8mb4_unicode_ci NOT NULL,
  `value` text COLLATE utf8mb4_unicode_ci,
  `details` text COLLATE utf8mb4_unicode_ci,
  `type` varchar(191) COLLATE utf8mb4_unicode_ci NOT NULL,
  `order` int(11) NOT NULL DEFAULT '1',
  `group` varchar(191) COLLATE utf8mb4_unicode_ci DEFAULT NULL,
  PRIMARY KEY (`id`),
  UNIQUE KEY `settings_key_unique` (`key`)
) ENGINE=InnoDB AUTO_INCREMENT=11 DEFAULT CHARSET=utf8mb4 COLLATE=utf8mb4_unicode_ci;
/*!40101 SET character_set_client = @saved_cs_client */;

--
-- Dumping data for table `settings`
--

LOCK TABLES `settings` WRITE;
/*!40000 ALTER TABLE `settings` DISABLE KEYS */;
INSERT INTO `settings` VALUES (1,'site.title','Site Title','Site Title','','text',1,'Site'),(2,'site.description','Site Description','Site Description','','text',2,'Site'),(3,'site.logo','Site Logo','','','image',3,'Site'),(4,'site.google_analytics_tracking_id','Google Analytics Tracking ID','','','text',4,'Site'),(5,'admin.bg_image','Admin Background Image','','','image',5,'Admin'),(6,'admin.title','Admin Title','Voyager','','text',1,'Admin'),(7,'admin.description','Admin Description','Welcome to Voyager. The Missing Admin for Laravel','','text',2,'Admin'),(8,'admin.loader','Admin Loader','','','image',3,'Admin'),(9,'admin.icon_image','Admin Icon Image','','','image',4,'Admin'),(10,'admin.google_analytics_client_id','Google Analytics Client ID (used for admin dashboard)','','','text',1,'Admin');
/*!40000 ALTER TABLE `settings` ENABLE KEYS */;
UNLOCK TABLES;

--
-- Table structure for table `stocks`
--

DROP TABLE IF EXISTS `stocks`;
/*!40101 SET @saved_cs_client     = @@character_set_client */;
/*!40101 SET character_set_client = utf8 */;
CREATE TABLE `stocks` (
  `id` int(10) unsigned NOT NULL AUTO_INCREMENT,
  `title` text COLLATE utf8mb4_unicode_ci,
  `body` text COLLATE utf8mb4_unicode_ci,
  `image` text COLLATE utf8mb4_unicode_ci,
  `seo_title` text COLLATE utf8mb4_unicode_ci,
  `seo_desc` text COLLATE utf8mb4_unicode_ci,
  `seo_keywords` text COLLATE utf8mb4_unicode_ci,
  `created_at` timestamp NULL DEFAULT NULL,
  `updated_at` timestamp NULL DEFAULT NULL,
  PRIMARY KEY (`id`)
) ENGINE=InnoDB AUTO_INCREMENT=3 DEFAULT CHARSET=utf8mb4 COLLATE=utf8mb4_unicode_ci;
/*!40101 SET character_set_client = @saved_cs_client */;

--
-- Dumping data for table `stocks`
--

LOCK TABLES `stocks` WRITE;
/*!40000 ALTER TABLE `stocks` DISABLE KEYS */;
INSERT INTO `stocks` VALUES (1,'Акция 1','<p>Описание 2</p>','stocks/October2018/U5Wfci9HN3hLA24Qg8Du.jpg','123','234','567','2018-10-10 00:24:43','2018-10-10 00:24:43'),(2,'41234','<p>Lorem ipsum dolor sit amet, consectetur adipisicing elit, sed do eiusmod tempor incididunt ut labore et dolore magna aliqua. Ut enim ad minim veniam, quis nostrud exercitation ullamco laboris nisi ut aliquip ex ea commodo consequat. Duis aute irure dolor in reprehenderit in voluptate velit esse cillum dolore eu fugiat nulla pariatur. Excepteur sint occaecat cupidatat non proident, sunt in culpa qui officia deserunt mollit anim id est laborum.</p>\r\n<p>&nbsp;</p>','stocks/October2018/7d01eA3F6LmQKXxW2pcp.jpg','123','34','345','2018-10-10 00:57:03','2018-10-10 00:57:03');
/*!40000 ALTER TABLE `stocks` ENABLE KEYS */;
UNLOCK TABLES;

--
-- Table structure for table `translations`
--

DROP TABLE IF EXISTS `translations`;
/*!40101 SET @saved_cs_client     = @@character_set_client */;
/*!40101 SET character_set_client = utf8 */;
CREATE TABLE `translations` (
  `id` int(10) unsigned NOT NULL AUTO_INCREMENT,
  `table_name` varchar(191) COLLATE utf8mb4_unicode_ci NOT NULL,
  `column_name` varchar(191) COLLATE utf8mb4_unicode_ci NOT NULL,
  `foreign_key` int(10) unsigned NOT NULL,
  `locale` varchar(191) COLLATE utf8mb4_unicode_ci NOT NULL,
  `value` text COLLATE utf8mb4_unicode_ci NOT NULL,
  `created_at` timestamp NULL DEFAULT NULL,
  `updated_at` timestamp NULL DEFAULT NULL,
  PRIMARY KEY (`id`),
  UNIQUE KEY `translations_table_name_column_name_foreign_key_locale_unique` (`table_name`,`column_name`,`foreign_key`,`locale`)
) ENGINE=InnoDB AUTO_INCREMENT=31 DEFAULT CHARSET=utf8mb4 COLLATE=utf8mb4_unicode_ci;
/*!40101 SET character_set_client = @saved_cs_client */;

--
-- Dumping data for table `translations`
--

LOCK TABLES `translations` WRITE;
/*!40000 ALTER TABLE `translations` DISABLE KEYS */;
INSERT INTO `translations` VALUES (1,'data_types','display_name_singular',5,'pt','Post','2018-10-08 11:00:17','2018-10-08 11:00:17'),(2,'data_types','display_name_singular',6,'pt','Página','2018-10-08 11:00:17','2018-10-08 11:00:17'),(3,'data_types','display_name_singular',1,'pt','Utilizador','2018-10-08 11:00:17','2018-10-08 11:00:17'),(4,'data_types','display_name_singular',4,'pt','Categoria','2018-10-08 11:00:17','2018-10-08 11:00:17'),(5,'data_types','display_name_singular',2,'pt','Menu','2018-10-08 11:00:17','2018-10-08 11:00:17'),(6,'data_types','display_name_singular',3,'pt','Função','2018-10-08 11:00:17','2018-10-08 11:00:17'),(7,'data_types','display_name_plural',5,'pt','Posts','2018-10-08 11:00:17','2018-10-08 11:00:17'),(8,'data_types','display_name_plural',6,'pt','Páginas','2018-10-08 11:00:17','2018-10-08 11:00:17'),(9,'data_types','display_name_plural',1,'pt','Utilizadores','2018-10-08 11:00:17','2018-10-08 11:00:17'),(10,'data_types','display_name_plural',4,'pt','Categorias','2018-10-08 11:00:17','2018-10-08 11:00:17'),(11,'data_types','display_name_plural',2,'pt','Menus','2018-10-08 11:00:17','2018-10-08 11:00:17'),(12,'data_types','display_name_plural',3,'pt','Funções','2018-10-08 11:00:17','2018-10-08 11:00:17'),(13,'categories','slug',1,'pt','categoria-1','2018-10-08 11:00:17','2018-10-08 11:00:17'),(14,'categories','name',1,'pt','Categoria 1','2018-10-08 11:00:17','2018-10-08 11:00:17'),(15,'categories','slug',2,'pt','categoria-2','2018-10-08 11:00:17','2018-10-08 11:00:17'),(16,'categories','name',2,'pt','Categoria 2','2018-10-08 11:00:17','2018-10-08 11:00:17'),(17,'pages','title',1,'pt','Olá Mundo','2018-10-08 11:00:17','2018-10-08 11:00:17'),(18,'pages','slug',1,'pt','ola-mundo','2018-10-08 11:00:17','2018-10-08 11:00:17'),(19,'pages','body',1,'pt','<p>Olá Mundo. Scallywag grog swab Cat o\'nine tails scuttle rigging hardtack cable nipper Yellow Jack. Handsomely spirits knave lad killick landlubber or just lubber deadlights chantey pinnace crack Jennys tea cup. Provost long clothes black spot Yellow Jack bilged on her anchor league lateen sail case shot lee tackle.</p>\r\n<p>Ballast spirits fluke topmast me quarterdeck schooner landlubber or just lubber gabion belaying pin. Pinnace stern galleon starboard warp carouser to go on account dance the hempen jig jolly boat measured fer yer chains. Man-of-war fire in the hole nipperkin handsomely doubloon barkadeer Brethren of the Coast gibbet driver squiffy.</p>','2018-10-08 11:00:17','2018-10-08 11:00:17'),(20,'menu_items','title',1,'pt','Painel de Controle','2018-10-08 11:00:17','2018-10-08 11:00:17'),(21,'menu_items','title',2,'pt','Media','2018-10-08 11:00:17','2018-10-08 11:00:17'),(22,'menu_items','title',12,'pt','Publicações','2018-10-08 11:00:17','2018-10-08 11:00:17'),(23,'menu_items','title',3,'pt','Utilizadores','2018-10-08 11:00:17','2018-10-08 11:00:17'),(24,'menu_items','title',11,'pt','Categorias','2018-10-08 11:00:17','2018-10-08 11:00:17'),(25,'menu_items','title',13,'pt','Páginas','2018-10-08 11:00:17','2018-10-08 11:00:17'),(26,'menu_items','title',4,'pt','Funções','2018-10-08 11:00:17','2018-10-08 11:00:17'),(27,'menu_items','title',5,'pt','Ferramentas','2018-10-08 11:00:17','2018-10-08 11:00:17'),(28,'menu_items','title',6,'pt','Menus','2018-10-08 11:00:17','2018-10-08 11:00:17'),(29,'menu_items','title',7,'pt','Base de dados','2018-10-08 11:00:17','2018-10-08 11:00:17'),(30,'menu_items','title',10,'pt','Configurações','2018-10-08 11:00:17','2018-10-08 11:00:17');
/*!40000 ALTER TABLE `translations` ENABLE KEYS */;
UNLOCK TABLES;

--
-- Table structure for table `user_roles`
--

DROP TABLE IF EXISTS `user_roles`;
/*!40101 SET @saved_cs_client     = @@character_set_client */;
/*!40101 SET character_set_client = utf8 */;
CREATE TABLE `user_roles` (
  `user_id` int(10) unsigned NOT NULL,
  `role_id` int(10) unsigned NOT NULL,
  PRIMARY KEY (`user_id`,`role_id`),
  KEY `user_roles_user_id_index` (`user_id`),
  KEY `user_roles_role_id_index` (`role_id`),
  CONSTRAINT `user_roles_role_id_foreign` FOREIGN KEY (`role_id`) REFERENCES `roles` (`id`) ON DELETE CASCADE,
  CONSTRAINT `user_roles_user_id_foreign` FOREIGN KEY (`user_id`) REFERENCES `users` (`id`) ON DELETE CASCADE
) ENGINE=InnoDB DEFAULT CHARSET=utf8mb4 COLLATE=utf8mb4_unicode_ci;
/*!40101 SET character_set_client = @saved_cs_client */;

--
-- Dumping data for table `user_roles`
--

LOCK TABLES `user_roles` WRITE;
/*!40000 ALTER TABLE `user_roles` DISABLE KEYS */;
/*!40000 ALTER TABLE `user_roles` ENABLE KEYS */;
UNLOCK TABLES;

--
-- Table structure for table `users`
--

DROP TABLE IF EXISTS `users`;
/*!40101 SET @saved_cs_client     = @@character_set_client */;
/*!40101 SET character_set_client = utf8 */;
CREATE TABLE `users` (
  `id` int(10) unsigned NOT NULL AUTO_INCREMENT,
  `role_id` int(10) unsigned DEFAULT NULL,
  `name` varchar(191) COLLATE utf8mb4_unicode_ci NOT NULL,
  `email` varchar(191) COLLATE utf8mb4_unicode_ci NOT NULL,
  `avatar` varchar(191) COLLATE utf8mb4_unicode_ci DEFAULT 'users/default.png',
  `email_verified_at` timestamp NULL DEFAULT NULL,
  `password` varchar(191) COLLATE utf8mb4_unicode_ci NOT NULL,
  `remember_token` varchar(100) COLLATE utf8mb4_unicode_ci DEFAULT NULL,
  `settings` text COLLATE utf8mb4_unicode_ci,
  `created_at` timestamp NULL DEFAULT NULL,
  `updated_at` timestamp NULL DEFAULT NULL,
  PRIMARY KEY (`id`),
  UNIQUE KEY `users_email_unique` (`email`),
  KEY `users_role_id_foreign` (`role_id`),
  CONSTRAINT `users_role_id_foreign` FOREIGN KEY (`role_id`) REFERENCES `roles` (`id`)
) ENGINE=InnoDB AUTO_INCREMENT=2 DEFAULT CHARSET=utf8mb4 COLLATE=utf8mb4_unicode_ci;
/*!40101 SET character_set_client = @saved_cs_client */;

--
-- Dumping data for table `users`
--

LOCK TABLES `users` WRITE;
/*!40000 ALTER TABLE `users` DISABLE KEYS */;
INSERT INTO `users` VALUES (1,1,'Admin','admin@admin.com','users/default.png',NULL,'$2y$10$9t.KPde/pq1AvzQkjxcTX.jrHvRzuPpO6eJXNvmv.iD9rt/azGj/C','ZWIedIu8uirVEK1P7azcmze3nRLVV70sNj6IqjNoWNMM4MyWBiGcoLyYCaDc',NULL,'2018-10-08 11:00:16','2018-10-08 11:00:16');
/*!40000 ALTER TABLE `users` ENABLE KEYS */;
UNLOCK TABLES;
/*!40103 SET TIME_ZONE=@OLD_TIME_ZONE */;

/*!40101 SET SQL_MODE=@OLD_SQL_MODE */;
/*!40014 SET FOREIGN_KEY_CHECKS=@OLD_FOREIGN_KEY_CHECKS */;
/*!40014 SET UNIQUE_CHECKS=@OLD_UNIQUE_CHECKS */;
/*!40101 SET CHARACTER_SET_CLIENT=@OLD_CHARACTER_SET_CLIENT */;
/*!40101 SET CHARACTER_SET_RESULTS=@OLD_CHARACTER_SET_RESULTS */;
/*!40101 SET COLLATION_CONNECTION=@OLD_COLLATION_CONNECTION */;
/*!40111 SET SQL_NOTES=@OLD_SQL_NOTES */;

-- Dump completed on 2018-10-16 11:54:06
